"","id_1","Micro.2.10","hrp2_risk","hrp2_prospective_risk"
"1",10312903,NA,NA,NA
"2",10312910,1.02950646870535e-05,"High",NA
"3",10313012,0.000269893642576605,"High",NA
"4",10313016,1.4550618593876e-06,"High",NA
"5",10313034,1.82407033363373e-05,"High",NA
"6",10313066,4.68420034260807e-06,"High",NA
"7",10313075,2.36800963804282e-06,"High",NA
"8",10313131,4.81125740257501e-06,"High",NA
"9",10313482,0.00132072539631619,"High",NA
"10",10313624,4.15454676050865e-05,"High",NA
"11",10313664,1.26027116480892e-05,"High",NA
"12",10313700,0.000204052774641258,"High",NA
"13",10313718,9.80773783556959e-06,"High",NA
"14",10313764,0.000275527356988073,"High",NA
"15",10313775,1.29296532272283e-05,"High",NA
"16",10313795,1.06704642626542e-05,"High",NA
"17",10313948,2.0573453069942e-05,"High",NA
"18",10314021,2.24729272390835e-06,"High",NA
"19",10314066,5.13073817167522e-06,"High",NA
"20",10314432,3.35176462400322e-05,"High",NA
"21",10314437,6.27783469887596e-05,"High",NA
"22",10314470,1.13359640514247e-05,"High",NA
"23",10314510,1.39740894841102e-05,"High",NA
"24",10314617,0.000919269064959508,"High",NA
"25",10314655,3.38768041894826e-05,"High",NA
"26",10314839,1.57642436945398e-06,"High",NA
"27",10314871,4.50166314463625e-06,"High",NA
"28",10315009,6.77507507828712e-06,"High",NA
"29",10315627,2.09809672050764e-05,"High",NA
"30",10315749,9.42105179825644e-06,"High",NA
"31",10315985,3.02406966903775e-06,"High",NA
"32",10316255,5.14438025559635e-06,"High",NA
"33",10316303,3.23238242740316e-07,"High",NA
"34",10316393,5.91226743017472e-05,"High",NA
"35",10312934,0.415850975744473,"Marginal","Marginal"
"36",10312941,0.128621816284921,"Slight","Marginal"
"37",10313102,0.465229350355632,"Marginal","Marginal"
"38",10313200,0.318038393929072,"Marginal","Marginal"
"39",10313324,0.310124217985457,"Marginal","Marginal"
"40",10313678,0.437775355308005,"Marginal","Marginal"
"41",10313695,0.0503877144026985,"High","Marginal"
"42",10313862,0.102527316672853,"Moderate","Marginal"
"43",10314049,0.19426404499375,"Marginal","Marginal"
"44",10314162,0.386868672978905,"Marginal","Marginal"
"45",10314167,0.522867421990463,"Marginal","Marginal"
"46",10314219,0.553641017024024,"Marginal","Marginal"
"47",10314519,0.500441230623668,"Marginal","Marginal"
"48",10314789,0.0705178834859938,"High","Marginal"
"49",10315276,0.205446769067356,"Marginal","Marginal"
"50",10315785,0.333100810867213,"Marginal","Marginal"
"51",10315857,0.522415932118172,"Marginal","Marginal"
"52",10316377,0.103671180949396,"Moderate","Marginal"
"53",10312919,NA,NA,NA
"54",10312963,NA,NA,NA
"55",10312970,NA,NA,NA
"56",10313049,NA,NA,NA
"57",10313099,NA,NA,NA
"58",10313100,NA,NA,NA
"59",10313280,NA,NA,NA
"60",10313333,NA,NA,NA
"61",10313462,NA,NA,NA
"62",10313497,NA,NA,NA
"63",10313585,NA,NA,NA
"64",10313625,NA,NA,NA
"65",10313660,NA,NA,NA
"66",10314081,NA,NA,NA
"67",10314285,NA,NA,NA
"68",10314500,NA,NA,NA
"69",10314598,NA,NA,NA
"70",10314715,NA,NA,NA
"71",10315166,NA,NA,NA
"72",10315456,NA,NA,NA
"73",10315493,NA,NA,NA
"74",10315500,NA,NA,NA
"75",10316312,NA,NA,NA
"76",10316357,NA,NA,NA
"77",10313437,NA,NA,NA
"78",10313739,NA,NA,NA
"79",10313747,NA,NA,NA
"80",10313890,NA,NA,NA
"81",10314165,NA,NA,NA
"82",10314237,NA,NA,NA
"83",10314556,NA,NA,NA
"84",10315038,NA,NA,NA
"85",10315685,NA,NA,NA
"86",10316084,NA,NA,NA
"87",10316404,NA,NA,NA
"88",10312957,NA,NA,NA
"89",10313540,NA,NA,NA
"90",10313815,NA,NA,NA
"91",10314226,NA,NA,NA
"92",10314257,NA,NA,NA
"93",10315128,NA,NA,NA
"94",10315235,NA,NA,NA
"95",10315649,NA,NA,NA
"96",10315884,NA,NA,NA
"97",10315968,NA,NA,NA
"98",10313210,0.121286240120308,"High","Marginal"
"99",10313213,0.290356138868082,"Marginal","Marginal"
"100",10313228,0.190791037148452,"Moderate","Marginal"
"101",10313868,0.397456748768017,"Marginal","Marginal"
"102",10313972,0.48781716661192,"Marginal","Marginal"
"103",10314149,0.132605848679795,"Moderate","Marginal"
"104",10314159,0.380170111853614,"Marginal","Marginal"
"105",10314399,0.286850848009983,"Marginal","Marginal"
"106",10314593,0.241578493228558,"Slight","Marginal"
"107",10314642,0.196109874248978,"Moderate","Marginal"
"108",10315333,0.307452946712604,"Marginal","Marginal"
"109",10315401,0.526454376167631,"Marginal","Marginal"
"110",10315700,0.431211057059345,"Marginal","Marginal"
"111",10315892,0.140287065388704,"Moderate","Slight"
"112",10316028,0.276640676014084,"Marginal","Marginal"
"113",10316098,0.375869071089644,"Marginal","Marginal"
"114",10316131,0.0533216954218161,"High","Marginal"
"115",604492674,0.166713028087605,"Moderate","Marginal"
"116",10312923,0.429083894409854,"Marginal","Marginal"
"117",10313578,0.392228032271677,"Marginal","Marginal"
"118",10313908,0.372268487306955,"Marginal","Marginal"
"119",10314009,0.251011848521929,"Marginal","Marginal"
"120",10314689,0.415454415039482,"Marginal","Marginal"
"121",10315228,0.354903472280954,"Marginal","Marginal"
"122",10315483,0.468576137869431,"Marginal","Marginal"
"123",10315599,0.328877412533979,"Marginal","Marginal"
"124",10315835,0.289586242868366,"Marginal","Marginal"
"125",10315943,0.364563026492219,"Marginal","Marginal"
"126",10316078,0.42615154468608,"Marginal","Marginal"
"127",10316382,0.282430920698653,"Marginal","Marginal"
"128",10312946,0.409111116898345,"Marginal","Marginal"
"129",10312978,0.391556927115121,"Marginal","Marginal"
"130",10313146,0.348990120012987,"Marginal","Marginal"
"131",10313557,0.273352720080186,"Slight","Marginal"
"132",10313558,0.4124221646527,"Marginal","Marginal"
"133",10313567,0.315678444625498,"Marginal","Marginal"
"134",10313584,0.399589930547316,"Marginal","Marginal"
"135",10313590,0.340926425308516,"Marginal","Marginal"
"136",10313743,0.428657457464056,"Marginal","Marginal"
"137",10313839,0.379518624396656,"Marginal","Marginal"
"138",10315008,0.301695991574499,"Marginal","Marginal"
"139",10315529,0.44245030359773,"Marginal","Marginal"
"140",10315770,0.295958167345334,"Marginal","Marginal"
"141",10313421,NA,NA,NA
"142",10314097,0.000421277628135535,"High",NA
"143",10314406,1.51330882917728e-07,"High",NA
"144",10314416,NA,NA,NA
"145",10315307,1.07699563693072e-05,"High",NA
"146",10316088,NA,NA,NA
"147",10316106,NA,NA,NA
"148",604100830,5.12532325722181e-06,"High",NA
"149",10313266,NA,NA,NA
"150",10313586,NA,NA,NA
"151",10313867,NA,NA,NA
"152",10313991,NA,NA,NA
"153",10315173,NA,NA,NA
"154",10315383,NA,NA,NA
"155",10313171,NA,NA,NA
"156",10313364,1.76172893444495e-06,NA,NA
"157",10313365,4.37369698486254e-06,NA,NA
"158",10313523,NA,NA,NA
"159",10313527,6.66270130956602e-05,NA,NA
"160",10314512,2.43537253659834e-06,NA,NA
"161",10314796,2.69104081964258e-05,NA,NA
"162",10315455,NA,NA,NA
"163",10315583,NA,NA,NA
"164",10313001,3.6729137973844e-07,"Moderate",NA
"165",10313290,1.05412956473803e-07,"Moderate",NA
"166",10313393,6.14884621297867e-07,"Moderate",NA
"167",10313542,0.000972418064891862,"Moderate",NA
"168",10313738,0.000114889998418278,"Moderate",NA
"169",10313787,1.39519325166422e-06,"Moderate",NA
"170",10313993,9.35277168518158e-07,"Moderate",NA
"171",10314039,0.000849799813561257,"Moderate",NA
"172",10314125,0.00408551119463521,"Moderate",NA
"173",10314188,0.000278540964664064,"Moderate",NA
"174",10314795,2.46698256751346e-07,"Moderate",NA
"175",10314948,8.0290903809416e-07,"Moderate",NA
"176",10315023,6.27651681059066e-11,"Moderate",NA
"177",10315144,2.62558849079887e-06,"Moderate",NA
"178",10315222,2.06085860196575e-06,"Moderate",NA
"179",10315232,0.000364133807685432,"Moderate",NA
"180",10315374,4.12888120196811e-06,"Moderate",NA
"181",10315514,0.000674325271399942,"Moderate",NA
"182",10315622,5.18743210842139e-06,"Moderate",NA
"183",10315760,4.44410240733201e-07,"Moderate",NA
"184",10315901,7.46591366815818e-06,"Moderate",NA
"185",10315937,2.1604883682957e-06,"Moderate",NA
"186",10316009,0.00143422853648752,"Moderate",NA
"187",10316052,1.17446106903597e-07,"Moderate",NA
"188",10316081,0.00048236735460153,"Moderate",NA
"189",10316156,4.98361331460155e-07,"Moderate",NA
"190",10316219,4.53362997993279e-07,"Moderate",NA
"191",10313120,NA,NA,NA
"192",10313204,NA,NA,NA
"193",10313436,NA,NA,NA
"194",10313711,NA,NA,NA
"195",10313858,NA,NA,NA
"196",10313866,NA,NA,NA
"197",10313909,NA,NA,NA
"198",10314035,NA,NA,NA
"199",10314224,NA,NA,NA
"200",10314316,NA,NA,NA
"201",10314862,NA,NA,NA
"202",10315047,3.20626695340551e-09,"High",NA
"203",10315065,NA,NA,NA
"204",10315238,NA,NA,NA
"205",10315805,NA,NA,NA
"206",10315869,NA,NA,NA
"207",10315952,NA,NA,NA
"208",10316063,NA,NA,NA
"209",10316077,NA,NA,NA
"210",10316091,NA,NA,NA
"211",10313082,NA,NA,NA
"212",10313611,NA,NA,NA
"213",10313749,6.79111429382418e-06,"High","Slight"
"214",10314446,NA,NA,NA
"215",10314588,0.00139594959671809,"High","Moderate"
"216",10314970,0.000765204590851374,"High","Slight"
"217",10315081,0.0019947207229969,"High","Slight"
"218",10315541,0.000409160714664228,"High","Slight"
"219",10316008,0.000941966717596647,"High","Moderate"
"220",10316208,5.9689435017819e-05,"High","Slight"
"221",10312914,0.323409060421516,"Marginal","Marginal"
"222",10313219,0.333621304569887,"Marginal","Marginal"
"223",10313244,0.328479753524324,"Marginal","Marginal"
"224",10313359,0.260570520484848,"Marginal","Marginal"
"225",10313418,0.192823759270979,"Slight","Marginal"
"226",10313441,0.400104480749207,"Marginal","Marginal"
"227",10313758,0.352983320374866,"Marginal","Marginal"
"228",10313901,0.206594620044608,"Slight","Marginal"
"229",10314051,0.395387559583617,"Marginal","Marginal"
"230",10314279,0.303316885302388,"Marginal","Marginal"
"231",10314686,0.247402882709787,"Marginal","Marginal"
"232",10314722,0.330054300298656,"Marginal","Marginal"
"233",10314955,0.415612020397688,"Marginal","Marginal"
"234",10315067,0.350431996777518,"Marginal","Marginal"
"235",10315560,0.311588561144042,"Marginal","Marginal"
"236",10315680,0.277199481277158,"Marginal","Marginal"
"237",10316170,0.252137352565052,"Marginal","Marginal"
"238",10313094,NA,NA,NA
"239",10313117,NA,NA,NA
"240",10313225,NA,NA,NA
"241",10313238,NA,NA,NA
"242",10313565,NA,NA,NA
"243",10313635,NA,NA,NA
"244",10313666,NA,NA,NA
"245",10313871,NA,NA,NA
"246",10313914,NA,NA,NA
"247",10314242,NA,NA,NA
"248",10314335,NA,NA,NA
"249",10314505,NA,NA,NA
"250",10314526,NA,NA,NA
"251",10314639,NA,NA,NA
"252",10314958,NA,NA,NA
"253",10315028,NA,NA,NA
"254",10315116,NA,NA,NA
"255",10315300,NA,NA,NA
"256",10315312,NA,NA,NA
"257",10315321,NA,NA,NA
"258",10315518,NA,NA,NA
"259",10315596,NA,NA,NA
"260",10315711,NA,NA,NA
"261",10315804,NA,NA,NA
"262",10315910,NA,NA,NA
"263",10316050,NA,NA,NA
"264",10316173,NA,NA,NA
"265",10316274,NA,NA,NA
"266",10316279,NA,NA,NA
"267",10316298,NA,NA,NA
"268",10316332,NA,NA,NA
"269",10313698,0.349167477931928,"Marginal","Marginal"
"270",10314018,0.380815169255331,"Marginal","Marginal"
"271",10314302,0.335611330837004,"Marginal","Marginal"
"272",10314379,0.278004500791285,"Marginal","Marginal"
"273",10314504,0.209178593560298,"Slight","Marginal"
"274",10314814,0.298741780323544,"Marginal","Marginal"
"275",10314932,0.284710454090038,"Marginal","Marginal"
"276",10315042,0.243190700821299,"Marginal","Marginal"
"277",10315209,0.345241823258851,"Marginal","Marginal"
"278",10315472,0.375921170642974,"Marginal","Marginal"
"279",10315887,0.260232221950855,"Marginal","Marginal"
"280",10316005,0.352785341626681,"Marginal","Marginal"
"281",10316181,0.148625112062208,"Moderate","Marginal"
"282",10316245,0.233193227857875,"Marginal","Marginal"
"283",10313797,0.15222230334259,"Moderate","Marginal"
"284",10314487,0.46009934044048,"Marginal","Marginal"
"285",10314668,0.250253970999825,"Marginal","Marginal"
"286",10315127,0.238357174987428,"Slight","Marginal"
"287",10315130,0.357004624442774,"Marginal","Marginal"
"288",10315446,0.158926087436635,"Moderate","Marginal"
"289",10315885,0.324244627196167,"Marginal","Marginal"
"290",10316034,0.20177752136943,"Slight","Marginal"
"291",10316217,0.161273915646465,"Moderate","Marginal"
"292",10316304,0.213664963560934,"Slight","Marginal"
"293",10015048,0.489070629932858,"Marginal","Marginal"
"294",10015049,0.50995975301854,"Marginal","Marginal"
"295",10015050,0.509425886822952,"Marginal","Marginal"
"296",10015051,0.687141441251381,"Marginal","Marginal"
"297",10015053,0.486856579523514,"Marginal","Marginal"
"298",10015054,0.429087126680435,"Marginal","Marginal"
"299",10015055,0.331736247586101,"Marginal","Moderate"
"300",10015062,0.384732071799016,"Marginal","Marginal"
"301",10015066,0.409892039927411,"Marginal","Marginal"
"302",10015068,0.405357158666793,"Marginal","Marginal"
"303",10015071,0.374993362893236,"Marginal","Marginal"
"304",10015073,0.359558419354144,"Marginal","Slight"
"305",10015076,0.31435507769191,"Marginal","Moderate"
"306",10015077,0.132276262301444,"High","High"
"307",10015078,0.162904134846784,"Moderate","High"
"308",10015079,0.56820250825716,"Marginal","Marginal"
"309",10015080,0.508301459593648,"Marginal","Marginal"
"310",10015081,0.372738145254538,"Marginal","Marginal"
"311",10015083,0.553703497701651,"Marginal","Marginal"
"312",10313185,0.266732581215958,"Marginal","High"
"313",10314703,0.458171408730121,"Marginal","Marginal"
"314",10314890,0.415730687889349,"Marginal","Marginal"
"315",10316392,0.175614879719958,"Moderate","High"
"316",604100800,0.291655032281908,"Marginal","Moderate"
"317",604100801,0.458632026214454,"Marginal","Marginal"
"318",604100802,0.440041906688245,"Marginal","Marginal"
"319",10312872,0.320212147829332,"Marginal","Marginal"
"320",10312917,0.102496176627017,"Slight","Marginal"
"321",10312940,0.239014919802372,"Marginal","Marginal"
"322",10312955,0.19450260070878,"Marginal","Marginal"
"323",10313241,0.16946719866136,"Marginal","Marginal"
"324",10313651,0.191227750466592,"Marginal","Marginal"
"325",10314451,0.137327280301943,"Slight","Marginal"
"326",10315656,0.16502340825767,"Marginal","Marginal"
"327",10315693,0.165493914576792,"Marginal","Marginal"
"328",10315824,0.197573447028825,"Marginal","Marginal"
"329",10316044,0.227107661111373,"Marginal","Marginal"
"330",10316373,0.332767465601366,"Marginal","Marginal"
"331",10312924,0.0164146443387647,"Moderate",NA
"332",10312942,NA,NA,NA
"333",10312999,4.00016078968782e-06,"Moderate",NA
"334",10313002,0.0122658297066032,"Moderate",NA
"335",10313254,0.000359382618776508,"Moderate",NA
"336",10313353,3.23132074171334e-06,"Moderate",NA
"337",10313428,5.94596788545403e-05,"Moderate",NA
"338",10313564,0.00844014827774352,"Moderate",NA
"339",10313704,9.35775834123108e-08,"Moderate",NA
"340",10313855,0.00532524241442594,"Moderate",NA
"341",10313915,1.78502677083867e-06,"Moderate",NA
"342",10314008,0.00020809737841499,"Moderate",NA
"343",10314036,1.7107481141414e-06,"Moderate",NA
"344",10314136,NA,NA,NA
"345",10314265,2.5402909575347e-06,"Moderate",NA
"346",10314286,0.00170147634229239,"Moderate",NA
"347",10314310,1.22950513720425e-06,"Moderate",NA
"348",10314428,8.80704463573049e-06,"Moderate",NA
"349",10314606,9.28699872871939e-06,"Moderate",NA
"350",10314693,0.000739137877621229,"Moderate",NA
"351",10314732,1.19066640251509e-06,"Moderate",NA
"352",10314898,5.67913503306417e-09,"Moderate",NA
"353",10314925,4.83016112471865e-05,"Moderate",NA
"354",10315082,NA,NA,NA
"355",10315635,3.85850646506966e-05,"Moderate",NA
"356",10315718,NA,NA,NA
"357",10315845,0.0170998756630797,"Moderate",NA
"358",10315902,0.000126381468253427,"Moderate",NA
"359",10316026,0.00471573713650557,"Moderate",NA
"360",10316110,0.000706205510870159,"Moderate",NA
"361",10316171,5.2727644088528e-06,"Moderate",NA
"362",10316408,NA,NA,NA
"363",604100803,NA,NA,NA
"364",10313452,0.00625193800777197,"High","Marginal"
"365",10315233,0.00625193800777197,"High","Marginal"
"366",10315278,0.00625193800777197,"High","Marginal"
"367",10313068,NA,NA,NA
"368",10313391,NA,NA,NA
"369",10313495,NA,NA,NA
"370",10313820,NA,NA,NA
"371",10314069,NA,NA,NA
"372",10314208,NA,NA,NA
"373",10314301,NA,NA,NA
"374",10314311,NA,NA,NA
"375",10314445,NA,NA,NA
"376",10314570,NA,NA,NA
"377",10314841,NA,NA,NA
"378",10314853,NA,NA,NA
"379",10314907,NA,NA,NA
"380",10314990,NA,NA,NA
"381",10315216,NA,NA,NA
"382",10315453,NA,NA,NA
"383",10315552,NA,NA,NA
"384",10315743,NA,NA,NA
"385",10315750,NA,NA,NA
"386",10316015,NA,NA,NA
"387",10316070,NA,NA,NA
"388",10316095,NA,NA,NA
"389",10313498,1.43268941513599e-07,NA,NA
"390",10313691,1.12817263729858e-07,NA,NA
"391",10314879,3.50095132216805e-07,NA,NA
"392",10314966,1.53814300696153e-07,NA,NA
"393",10315920,6.81967827532556e-08,NA,NA
"394",10316073,1.72219648253503e-07,NA,NA
"395",10316240,3.16231625809924e-07,NA,NA
"396",10312953,0.0272811863815633,"High","High"
"397",10313203,0.00116241424710482,"High","High"
"398",10313677,0.018398644841068,"High","High"
"399",10314957,0.459541526540683,"Marginal","High"
"400",10315724,0.558211206174489,"Marginal","High"
"401",604100804,NA,NA,NA
"402",604100805,NA,NA,NA
"403",604100806,NA,NA,NA
"404",604100807,NA,NA,NA
"405",604100808,0.000113631884825362,"High",NA
"406",604100809,NA,NA,NA
"407",604100810,0.000173714488251959,"High",NA
"408",604100811,1.23961011931072e-05,"High",NA
"409",604100812,4.18440998539262e-05,"High",NA
"410",604100813,0.000111600885682752,"High",NA
"411",10312865,NA,NA,NA
"412",10312879,NA,NA,NA
"413",10312909,NA,NA,NA
"414",10313064,NA,NA,NA
"415",10313145,NA,NA,NA
"416",10313196,NA,NA,NA
"417",10313239,NA,NA,NA
"418",10313247,NA,NA,NA
"419",10313405,NA,NA,NA
"420",10313491,NA,NA,NA
"421",10313507,NA,NA,NA
"422",10313629,NA,NA,NA
"423",10313671,NA,NA,NA
"424",10313870,NA,NA,NA
"425",10314031,NA,NA,NA
"426",10314067,NA,NA,NA
"427",10314072,NA,NA,NA
"428",10314202,NA,NA,NA
"429",10314250,NA,NA,NA
"430",10314351,NA,NA,NA
"431",10314370,NA,NA,NA
"432",10314420,NA,NA,NA
"433",10314421,NA,NA,NA
"434",10314474,NA,NA,NA
"435",10314574,NA,NA,NA
"436",10314577,NA,NA,NA
"437",10314580,NA,NA,NA
"438",10314623,NA,NA,NA
"439",10314959,NA,NA,NA
"440",10315016,NA,NA,NA
"441",10315049,NA,NA,NA
"442",10315143,NA,NA,NA
"443",10315226,NA,NA,NA
"444",10315248,NA,NA,NA
"445",10315255,NA,NA,NA
"446",10315392,NA,NA,NA
"447",10315522,NA,NA,NA
"448",10315600,NA,NA,NA
"449",10315678,NA,NA,NA
"450",10315726,NA,NA,NA
"451",10315734,NA,NA,NA
"452",10316067,NA,NA,NA
"453",10316162,NA,NA,NA
"454",10316185,NA,NA,NA
"455",10316204,NA,NA,NA
"456",10316275,NA,NA,NA
"457",10316311,NA,NA,NA
"458",10316324,NA,NA,NA
"459",10312902,4.95544124945691e-07,"High",NA
"460",10312922,2.56620838646813e-09,"High",NA
"461",10313013,7.19097153077188e-06,"High",NA
"462",10313077,NA,NA,NA
"463",10313121,NA,NA,NA
"464",10313429,NA,NA,NA
"465",10313545,2.25886911905086e-06,"High",NA
"466",10313621,NA,NA,NA
"467",10313835,0.000293988185518621,"High",NA
"468",10313851,NA,NA,NA
"469",10314314,2.66628322808815e-08,"High",NA
"470",10314414,9.68846989548279e-09,"High",NA
"471",10314670,5.60755712367586e-06,"High",NA
"472",10315075,1.61558620913062e-06,"High",NA
"473",10315317,2.40059231994828e-08,"High",NA
"474",10315642,NA,NA,NA
"475",10315769,5.53338894980365e-06,"High",NA
"476",10315772,1.29975693878254e-06,"High",NA
"477",10315945,4.33064936882352e-08,"High",NA
"478",10316107,2.04460679989944e-07,"High",NA
"479",10316126,2.99514485559865e-06,"High",NA
"480",10316160,NA,NA,NA
"481",10316190,1.00235141311783e-10,"High",NA
"482",10316281,6.88175664287561e-08,"High",NA
"483",604100829,3.77278689086248e-07,"High",NA
"484",10313148,0.0085821612280409,"High","High"
"485",10313697,0.00719310917891997,"High","High"
"486",10314142,0.00432428525068437,"High","High"
"487",10315474,0.0157389475056386,"High","High"
"488",10315807,0.00916583583193774,"High","High"
"489",10316250,0.0125399490905485,"High","High"
"490",604492669,0.0102638279004563,"High","High"
"491",10313147,0.0134788357375191,"High","High"
"492",10313355,0.024433566174139,"High","High"
"493",10313464,0.0182668017517574,"High","High"
"494",10313856,0.014378640476636,"High","High"
"495",10314037,0.0570159100100768,"High","High"
"496",10314847,0.0467190354650225,"High","High"
"497",10314864,0.000821218987717652,"High","High"
"498",10315220,0.0191903378052,"High","High"
"499",10315893,0.00990717067037494,"High","High"
"500",10316072,0.0329849882605832,"High","High"
"501",10316246,0.0185539320115502,"High","High"
"502",10313036,0.142156919212382,"Marginal","Marginal"
"503",10313998,0.287101042461429,"Marginal","Marginal"
"504",10315257,0.294026337655368,"Marginal","Marginal"
"505",10315314,0.201502864288507,"Marginal","Marginal"
"506",10315465,0.204205380782821,"Marginal","Marginal"
"507",10315674,0.211353017446214,"Marginal","Marginal"
"508",10315694,0.201913478620516,"Marginal","Marginal"
"509",10316418,0.193557814660817,"Marginal","Marginal"
"510",10316420,0.158357027389657,"Marginal","Marginal"
"511",10313107,NA,NA,NA
"512",10313118,NA,NA,NA
"513",10313242,NA,NA,NA
"514",10313724,NA,NA,NA
"515",10313845,NA,NA,NA
"516",10314178,NA,NA,NA
"517",10314192,NA,NA,NA
"518",10314687,NA,NA,NA
"519",10314688,NA,NA,NA
"520",10315219,NA,NA,NA
"521",10315648,NA,NA,NA
"522",10316016,NA,NA,NA
"523",10313074,0.366059196972306,"Marginal","Marginal"
"524",10313882,0.198036668560211,"Slight","Marginal"
"525",10314312,0.297091697841862,"Marginal","Marginal"
"526",10314339,0.285001255412561,"Marginal","Marginal"
"527",10315509,0.229603390519933,"Slight","Marginal"
"528",10315690,0.420703365597832,"Marginal","Marginal"
"529",10315826,0.237605744107495,"Slight","Marginal"
"530",10316006,0.300435270902689,"Marginal","Marginal"
"531",10314195,0.0284843714716803,"High","Moderate"
"532",10315182,0.0331386304369543,"High","Moderate"
"533",10315523,0.0432338030320236,"High","Moderate"
"534",10315687,0.0294789237965489,"High","Moderate"
"535",10315735,0.0320409483771096,"High","Moderate"
"536",604492672,0.0367554309540121,"High","Slight"
"537",10313057,0.059556519014539,"High","Slight"
"538",10313181,0.0524456156020096,"High","Slight"
"539",10313348,0.0710852300664111,"High","Marginal"
"540",10313370,0.0359719024040992,"High","Marginal"
"541",10313570,0.0430763278347946,"High","Slight"
"542",10314022,0.0343670708327207,"High","Moderate"
"543",10315372,0.0821026840612443,"Moderate","Marginal"
"544",10315399,0.0708478114296064,"High","Slight"
"545",10316231,0.0420660924746473,"High","Moderate"
"546",10313108,0.26354167459642,"Marginal","High"
"547",10315162,0.201818872198858,"Slight","High"
"548",10315169,NA,NA,NA
"549",10315502,0.230672307685278,"Marginal","High"
"550",10315598,0.277794132769441,"Marginal","High"
"551",10316118,0.203692355953297,"Slight","High"
"552",10316356,0.284009776282401,"Marginal","High"
"553",10312875,NA,NA,NA
"554",10313141,NA,NA,NA
"555",10313175,NA,NA,NA
"556",10313180,NA,NA,NA
"557",10313347,NA,NA,NA
"558",10313430,NA,NA,NA
"559",10313508,NA,NA,NA
"560",10313863,NA,NA,NA
"561",10314232,NA,NA,NA
"562",10314264,NA,NA,NA
"563",10314450,NA,NA,NA
"564",10314711,NA,NA,NA
"565",10314927,NA,NA,NA
"566",10315006,NA,NA,NA
"567",10315251,NA,NA,NA
"568",10315451,NA,NA,NA
"569",10315508,NA,NA,NA
"570",10315554,NA,NA,NA
"571",10315794,NA,NA,NA
"572",10316163,NA,NA,NA
"573",10316319,NA,NA,NA
"574",10316391,NA,NA,NA
"575",10314281,1.04856502024453e-05,NA,NA
"576",10316041,9.82824917807877e-06,NA,NA
"577",10312925,0.00455559771645858,"High",NA
"578",10313349,0.00631940688942011,"High",NA
"579",10313387,0.000596752196037463,"High",NA
"580",10313781,0.000240222515698109,"High",NA
"581",10314140,0.000899719941713064,"High",NA
"582",10314592,0.00910983915863682,"High",NA
"583",10314921,0.00971625383348654,"High",NA
"584",10315176,0.0100513970103588,"Moderate",NA
"585",10315415,0.0139315951485005,"Moderate",NA
"586",10315646,0.00603608877628176,"High",NA
"587",10312886,1.95707668327111e-06,"Moderate",NA
"588",10312945,NA,NA,NA
"589",10313553,NA,NA,NA
"590",10313793,1.88595470667819e-07,"Moderate",NA
"591",10314084,8.17508172588002e-07,"Moderate",NA
"592",10314213,2.57799769662064e-06,"Moderate",NA
"593",10314497,NA,NA,NA
"594",10314511,5.24437716771479e-09,"Moderate",NA
"595",10314565,0.00113673939903593,"Moderate",NA
"596",10314622,5.92697832867172e-05,"Moderate",NA
"597",10314994,2.0736209385119e-06,"Moderate",NA
"598",10315306,NA,NA,NA
"599",10315359,5.23235228496655e-06,"Moderate",NA
"600",10315469,6.66328917511375e-06,"Moderate",NA
"601",10315643,2.54063626149594e-05,"Moderate",NA
"602",10315966,NA,NA,NA
"603",10316101,3.43481698361728e-08,"Moderate",NA
"604",10316119,8.00570257598481e-07,"Moderate",NA
"605",10312933,0.00353797888818301,"High",NA
"606",10312990,0.000557055965888046,"High",NA
"607",10313163,0.00119860482261618,"High",NA
"608",10313465,0.000641386206950555,"High",NA
"609",10313733,0.00221463812888374,"High",NA
"610",10314346,0.0130491793072238,"High",NA
"611",10314449,0.00273314948500967,"High",NA
"612",10315267,0.00239264374896962,"High",NA
"613",10315386,0.00205481133633468,"High",NA
"614",10315812,0.00161382896236258,"High",NA
"615",10312991,2.54336075180517e-05,"High",NA
"616",10313061,0.000115756569873655,"High",NA
"617",10313088,0.000170122020724658,"High",NA
"618",10313326,0.000606253779741834,"High",NA
"619",10313362,0.0227904128499909,"High",NA
"620",10313503,0.00236879341035288,"High",NA
"621",10313818,0.000415176344668921,"High",NA
"622",10313823,0.00649720747873882,"High",NA
"623",10313879,5.15829188947702e-05,"High",NA
"624",10313905,0.000500951360336914,"High",NA
"625",10314307,0.00168696744705689,"High",NA
"626",10314320,4.73388445416798e-05,"High",NA
"627",10314624,0.00112261001273137,"High",NA
"628",10314680,2.0610824471974e-05,"High",NA
"629",10314726,0.00048044011964857,"High",NA
"630",10315017,0.000185208007646125,"High",NA
"631",10315056,0.00195107618304921,"High",NA
"632",10315185,0.00130087967725914,"High",NA
"633",10315221,0.000821967497966042,"High",NA
"634",10315351,0.000357095002673133,"High",NA
"635",10315510,0.00062156797633345,"High",NA
"636",10315519,0.00111165149041395,"High",NA
"637",10315612,0.0166271870590914,"High",NA
"638",10315634,1.89556712636657e-05,"High",NA
"639",10315738,0.00207571030776004,"High",NA
"640",10315806,0.00794786843934368,"High",NA
"641",10315865,0.000120667460066154,"High",NA
"642",10315882,0.00270078294395593,"High",NA
"643",10315975,0.00064317094526026,"High",NA
"644",10316102,0.00178379685973423,"High",NA
"645",10316133,0.00114707454520198,"High",NA
"646",10316337,0.00529300689170143,"High",NA
"647",10316434,0.00317166814453348,"High",NA
"648",10316442,0.00024514202034221,"High",NA
"649",10313371,1.09590050965372e-06,"High",NA
"650",10313379,0.000611034994582931,"High",NA
"651",10313544,0.000793898594110664,"High",NA
"652",10313610,0.000118767281918123,"High",NA
"653",10313675,4.41474435635772e-05,"High",NA
"654",10313772,0.000125241457316022,"High",NA
"655",10314481,6.22296674006756e-05,"High",NA
"656",10314559,7.73014070788543e-05,"High",NA
"657",10314579,0.000267651742812776,"High",NA
"658",10314729,0.000510970209616587,"High",NA
"659",10314737,9.76251892644913e-06,"High",NA
"660",10314804,0.0093024016565495,"High",NA
"661",10314880,1.58367573258216e-05,"High",NA
"662",10314889,6.04693812952916e-06,"High",NA
"663",10314923,0.00215031814295419,"High",NA
"664",10315000,0.000327941051914865,"High",NA
"665",10315044,5.24757856342967e-06,"High",NA
"666",10315194,0.00679137667143975,"High",NA
"667",10315224,7.96025406279738e-06,"High",NA
"668",10315305,0.000109380579516971,"High",NA
"669",10315341,0.000426779043696567,"High",NA
"670",10315369,0.000592597137145958,"High",NA
"671",10315492,0.000255918367470646,"High",NA
"672",10315640,NA,NA,NA
"673",10315667,3.99980389076598e-05,"High",NA
"674",10315753,1.23636276356043e-05,"High",NA
"675",10315872,9.42839717770462e-05,"High",NA
"676",10315914,0.000229408988949515,"High",NA
"677",10315928,0.000432293455694854,"High",NA
"678",10315930,0.0130853504704045,"High",NA
"679",10315941,0.00527680085419124,"High",NA
"680",10316203,0.00645912081056126,"High",NA
"681",10316265,2.32069154248265e-05,"High",NA
"682",10316288,0.000512546532935385,"High",NA
"683",10316313,0.000210122767920956,"High",NA
"684",10316349,3.85223119383208e-05,"High",NA
"685",10313165,NA,NA,NA
"686",10313343,NA,NA,NA
"687",10313375,NA,NA,NA
"688",10313656,NA,NA,NA
"689",10313831,NA,NA,NA
"690",10313970,8.82075243410518e-07,NA,NA
"691",10314055,1.28535414627672e-07,NA,NA
"692",10314163,NA,NA,NA
"693",10314384,NA,NA,NA
"694",10314529,9.52419896746818e-08,NA,NA
"695",10314667,NA,NA,NA
"696",10314683,1.23593588958403e-07,NA,NA
"697",10314706,2.81419743632222e-07,NA,NA
"698",10314709,1.85427544708124e-08,NA,NA
"699",10314724,NA,NA,NA
"700",10314819,NA,NA,NA
"701",10314834,3.2164030649527e-07,NA,NA
"702",10314883,NA,NA,NA
"703",10314902,NA,NA,NA
"704",10315035,2.06635851767262e-06,NA,NA
"705",10315126,NA,NA,NA
"706",10315327,5.03432725265111e-10,NA,NA
"707",10315420,NA,NA,NA
"708",10316045,NA,NA,NA
"709",10316136,NA,NA,NA
"710",10316149,NA,NA,NA
"711",10316191,NA,NA,NA
"712",10316351,NA,NA,NA
"713",10316361,NA,NA,NA
"714",10313197,NA,NA,NA
"715",10313676,NA,NA,NA
"716",10314010,NA,NA,NA
"717",10314324,NA,NA,NA
"718",10314475,NA,NA,NA
"719",10314517,NA,NA,NA
"720",10314861,NA,NA,NA
"721",10315304,NA,NA,NA
"722",10315422,NA,NA,NA
"723",10315799,NA,NA,NA
"724",10315821,NA,NA,NA
"725",10315839,NA,NA,NA
"726",10315956,NA,NA,NA
"727",10315962,NA,NA,NA
"728",10316037,NA,NA,NA
"729",10316129,NA,NA,NA
"730",10316285,NA,NA,NA
"731",10316369,NA,NA,NA
"732",10312858,0.057258513668185,"High","High"
"733",10312987,0.0445149538015946,"High","High"
"734",10313021,0.0265167058185707,"High","High"
"735",10313156,0.00982385868270855,"High","High"
"736",10313221,0.023611903077134,"High","High"
"737",10313249,0.0522670118539252,"High","High"
"738",10313251,0.013972265249553,"High","High"
"739",10313285,0.0235458344448305,"High","High"
"740",10313301,0.0950935936331523,"Moderate","Moderate"
"741",10313305,0.0477866267018089,"High","High"
"742",10313306,0.0398856987946599,"High","High"
"743",10313339,0.0699737709044567,"High","High"
"744",10313489,0.0166819857542843,"High","High"
"745",10313601,0.0413454059946096,"High","High"
"746",10313654,0.0438568264703801,"High","High"
"747",10313684,0.0217398608463058,"High","High"
"748",10313703,0.0960309856607238,"Moderate","Moderate"
"749",10313906,0.0626656692774251,"High","High"
"750",10313952,0.0405978682962707,"High","High"
"751",10313976,0.000713068994464195,"High","High"
"752",10313999,0.0585844658100424,"High","High"
"753",10314006,0.0109573648196353,"High","High"
"754",10314095,0.0367405810585775,"High","High"
"755",10314353,0.0222270224063553,"High","High"
"756",10314583,0.0117017111554167,"High","High"
"757",10314603,0.0387416162458758,"High","High"
"758",10314661,0.0166538148222389,"High","High"
"759",10314769,0.0829249272251411,"Moderate","High"
"760",10314908,0.0135576586167088,"High","High"
"761",10314936,0.00955815867648893,"High","High"
"762",10314989,0.0205100584378225,"High","High"
"763",10315062,0.046643552805213,"High","High"
"764",10315098,0.000133575508381518,"High","High"
"765",10315436,0.0642438457319109,"High","High"
"766",10315647,0.00989717418479196,"High","High"
"767",10315697,0.0497956330527006,"High","High"
"768",10315810,0.0117835035741435,"High","High"
"769",10315840,0.0213682750700828,"High","High"
"770",10315849,0.0318769500340583,"High","High"
"771",10315923,0.0601581340351726,"High","High"
"772",10315938,0.0106208598797732,"High","High"
"773",10315955,0.0323715169731278,"High","High"
"774",10316065,0.0493594629433391,"High","High"
"775",10316172,0.0283804583825085,"High","High"
"776",10316229,0.0281954164501757,"High","High"
"777",10316234,0.0212814551733404,"High","High"
"778",10316335,0.0197004159968217,"High","High"
"779",10313201,NA,NA,NA
"780",10313316,NA,NA,NA
"781",10313335,NA,NA,NA
"782",10314251,NA,NA,NA
"783",10314328,NA,NA,NA
"784",10314485,NA,NA,NA
"785",10315163,NA,NA,NA
"786",10315527,NA,NA,NA
"787",10315983,NA,NA,NA
"788",10312894,0.00050767061030787,"High",NA
"789",10312912,5.10942715345722e-05,"High",NA
"790",10313029,0.000143114575221757,"High",NA
"791",10313329,NA,NA,NA
"792",10313456,1.0196842604487e-06,"High",NA
"793",10313517,3.19881750749219e-06,"High",NA
"794",10313674,3.37922144184891e-05,"High",NA
"795",10313869,0.000218057175424521,"High",NA
"796",10313886,0.000189690297786728,"High",NA
"797",10313951,6.63579394177198e-05,"High",NA
"798",10314157,8.1954718895737e-07,"High",NA
"799",10314223,0.00037733371722346,"High",NA
"800",10314363,0.00036039167048142,"High",NA
"801",10314365,0.000126208515788534,"High",NA
"802",10314833,2.31509424835154e-05,"High",NA
"803",10314928,4.8377472196794e-05,"High",NA
"804",10315138,0.000609059116371636,"High",NA
"805",10315291,5.0513736733982e-05,"High",NA
"806",10315311,0.000132069305473894,"High",NA
"807",10315501,1.21811824444538e-05,"High",NA
"808",10315710,3.11626005002259e-07,"High",NA
"809",10315776,8.10866964454267e-05,"High",NA
"810",10315784,0.000499415010730036,"High",NA
"811",10316140,0.000358895176929641,"High",NA
"812",10316164,2.11912142194792e-06,"High",NA
"813",10312873,NA,NA,NA
"814",10312907,NA,NA,NA
"815",10313186,NA,NA,NA
"816",10313230,NA,NA,NA
"817",10313312,NA,NA,NA
"818",10313837,NA,NA,NA
"819",10314503,NA,NA,NA
"820",10314520,NA,NA,NA
"821",10314692,NA,NA,NA
"822",10314800,NA,NA,NA
"823",10314881,NA,NA,NA
"824",10315161,NA,NA,NA
"825",10315256,NA,NA,NA
"826",10315353,NA,NA,NA
"827",10316232,NA,NA,NA
"828",10316314,NA,NA,NA
"829",10316440,NA,NA,NA
"830",10312893,0.0010572839849913,"High",NA
"831",10312944,2.71046683893568e-05,"High",NA
"832",10313331,2.33433021837685e-05,"High",NA
"833",10313369,1.36367725936275e-06,"High",NA
"834",10313736,4.68678271750709e-05,"High",NA
"835",10313776,0.000418551033914523,"High",NA
"836",10313786,1.47576997425821e-05,"High",NA
"837",10313822,0.000849595750956694,"High",NA
"838",10314046,6.15468764909224e-06,"High",NA
"839",10314127,0.000235253288562637,"High",NA
"840",10314299,0.000163483583284496,"High",NA
"841",10314350,7.80928785471539e-06,"High",NA
"842",10314738,6.38112317391487e-05,"High",NA
"843",10314836,2.60260201259099e-06,"High",NA
"844",10314856,8.05426733163356e-06,"High",NA
"845",10314977,2.61005769220662e-06,"High",NA
"846",10315071,3.80428635369431e-05,"High",NA
"847",10316241,0.000612074047971285,"High",NA
"848",10312936,0.531534352800085,"Marginal","Marginal"
"849",10313289,0.54095998944126,"Marginal","Marginal"
"850",10313657,0.261200542603915,"Marginal","Marginal"
"851",10313929,0.493736559411582,"Marginal","Marginal"
"852",10314040,0.530981155425154,"Marginal","Marginal"
"853",10314099,0.375204891298142,"Marginal","Marginal"
"854",10314832,0.423134361815177,"Marginal","Marginal"
"855",10315295,0.490843993033865,"Marginal","Marginal"
"856",10315528,0.557655014116331,"Marginal","Marginal"
"857",10315551,0.512849727386775,"Marginal","Marginal"
"858",10315875,0.443688558427556,"Marginal","Marginal"
"859",10315879,0.41647314457356,"Marginal","Marginal"
"860",10316142,0.391212678742504,"Marginal","Marginal"
"861",10316179,0.502993524374982,"Marginal","Marginal"
"862",10316272,0.461791675265254,"Marginal","Marginal"
"863",10822978,NA,NA,NA
"864",10822979,NA,NA,NA
"865",10822980,NA,NA,NA
"866",10822981,NA,NA,NA
"867",10822982,NA,NA,NA
"868",10822983,NA,NA,NA
"869",10822984,NA,NA,NA
"870",10822985,NA,NA,NA
"871",10822986,NA,NA,NA
"872",10312935,NA,NA,NA
"873",10313397,NA,NA,NA
"874",10313579,NA,NA,NA
"875",10313792,NA,NA,NA
"876",10313800,NA,NA,NA
"877",10313809,NA,NA,NA
"878",10313934,NA,NA,NA
"879",10314277,NA,NA,NA
"880",10314707,NA,NA,NA
"881",10314721,NA,NA,NA
"882",10314922,NA,NA,NA
"883",10315630,NA,NA,NA
"884",10315846,NA,NA,NA
"885",10316306,NA,NA,NA
"886",10316366,NA,NA,NA
"887",10022983,0.0401368121523148,"High","Marginal"
"888",10022984,0.0551122474844433,"High","Marginal"
"889",10022985,0.0344216507070201,"High","Marginal"
"890",10022986,0.0226335986231485,"High","Marginal"
"891",10022987,0.0457335267387902,"High","Marginal"
"892",10022988,0.0714938124006058,"High","Marginal"
"893",10022989,0.0336582305716093,"High","Marginal"
"894",10022990,0.0976858168208678,"High","Marginal"
"895",10022991,0.0460858870540405,"High","Marginal"
"896",10022992,0.0637394139889871,"High","Marginal"
"897",10022993,0.0769636349289841,"High","Marginal"
"898",10022994,0.0588928394970337,"High","Marginal"
"899",10022995,0.0663864746726633,"High","Marginal"
"900",10022996,0.0732481265161117,"High","Marginal"
"901",10022997,0.0733974452220248,"High","Marginal"
"902",10022998,0.0539642123620931,"High","Marginal"
"903",10022999,0.0907973806386516,"High","Marginal"
"904",10023000,0.0821939573804964,"High","Marginal"
"905",10023001,0.037818431495597,"High","Marginal"
"906",10023002,0.0558894529288739,"High","Marginal"
"907",10023003,0.0888094348435976,"High","Marginal"
"908",10023004,0.0654980893616967,"High","Marginal"
"909",10312920,NA,NA,NA
"910",10313132,NA,NA,NA
"911",10313220,NA,NA,NA
"912",10313325,NA,NA,NA
"913",10313404,NA,NA,NA
"914",10313524,NA,NA,NA
"915",10313626,NA,NA,NA
"916",10313756,NA,NA,NA
"917",10313825,NA,NA,NA
"918",10314175,NA,NA,NA
"919",10314197,NA,NA,NA
"920",10314235,NA,NA,NA
"921",10314309,NA,NA,NA
"922",10314493,NA,NA,NA
"923",10314532,NA,NA,NA
"924",10314566,NA,NA,NA
"925",10314725,NA,NA,NA
"926",10314793,NA,NA,NA
"927",10314891,NA,NA,NA
"928",10314964,NA,NA,NA
"929",10315001,NA,NA,NA
"930",10315018,NA,NA,NA
"931",10315181,NA,NA,NA
"932",10315448,NA,NA,NA
"933",10315490,NA,NA,NA
"934",10315686,NA,NA,NA
"935",10315688,NA,NA,NA
"936",10315781,NA,NA,NA
"937",10315925,NA,NA,NA
"938",10316247,NA,NA,NA
"939",10316271,NA,NA,NA
"940",10316446,NA,NA,NA
"941",10313023,0.0626136946651789,"High","High"
"942",10313801,0.219518575854708,"Slight","Moderate"
"943",10314141,0.0689632415950208,"High","High"
"944",10314187,0.26123261473947,"Marginal","Slight"
"945",10314404,0.164177609469158,"Moderate","Moderate"
"946",10314779,0.167853945422179,"Slight","Moderate"
"947",10315387,0.119260381169418,"Moderate","High"
"948",10315571,0.173576251020531,"Slight","Moderate"
"949",10316417,0.286856370840712,"Marginal","Marginal"
"950",10313090,0.000470236241651177,"High",NA
"951",10313394,0.000398724787341477,"High",NA
"952",10313455,0.000870590410473942,"High",NA
"953",10313917,0.000246484684080994,"High",NA
"954",10314329,0.000315336124154106,"High",NA
"955",10314660,0.00124701707678926,"High",NA
"956",10314827,0.00032389747815486,"High",NA
"957",10314875,0.000449769934398821,"High",NA
"958",10314906,0.000971282364314076,"High",NA
"959",10314981,0.000290927087181514,"High",NA
"960",10315195,0.000179168304346538,"High",NA
"961",10315616,0.000323677464195938,"High",NA
"962",10315997,0.000761430355430852,"High",NA
"963",10822973,0.00140270452267105,"High",NA
"964",10822974,0.00275825907499126,"High",NA
"965",10822975,0.000494770691986779,"High",NA
"966",10822976,0.00034768846173901,"High",NA
"967",10822977,0.000338435756265375,"High",NA
"968",10313272,0.203606317004038,"Moderate","Slight"
"969",10313336,0.38875223626769,"Marginal","Marginal"
"970",10314211,0.302671245142161,"Marginal","Marginal"
"971",10314340,0.323981590685532,"Marginal","Marginal"
"972",10314750,0.28413901985805,"Marginal","Marginal"
"973",10314794,0.322392357726799,"Marginal","Marginal"
"974",10315212,0.371522913176606,"Marginal","Marginal"
"975",10315818,0.174021658345773,"Moderate","Marginal"
"976",10315859,0.278341767629333,"Slight","Marginal"
"977",10316291,0.1101279125473,"High","Slight"
"978",10312974,NA,NA,NA
"979",10313341,0.0697278677936777,"Moderate","Slight"
"980",10313587,0.0481449374940274,"High","Slight"
"981",10313648,NA,NA,NA
"982",10313942,0.0429813142891832,"High","Marginal"
"983",10314325,0.0702346152449047,"Moderate","Marginal"
"984",10315200,NA,NA,NA
"985",10315443,0.0432119665391912,"High","Slight"
"986",10315545,NA,NA,NA
"987",10315989,0.0675588720360775,"High","Marginal"
"988",10316103,0.051600577097465,"High","Slight"
"989",10316188,0.065415327033331,"High","Slight"
"990",10316317,0.0772916900084031,"Moderate","Marginal"
"991",10823024,0.179246562675909,"Moderate","Moderate"
"992",10823025,0.122971326382411,"High","High"
"993",10823026,0.209058141340029,"Moderate","Moderate"
"994",10312895,NA,NA,NA
"995",10313085,NA,NA,NA
"996",10313112,5.91769313793662e-07,"High",NA
"997",10313292,NA,NA,NA
"998",10313620,NA,NA,NA
"999",10313638,NA,NA,NA
"1000",10314033,NA,NA,NA
"1001",10314454,NA,NA,NA
"1002",10314463,NA,NA,NA
"1003",10314649,NA,NA,NA
"1004",10315026,NA,NA,NA
"1005",10315227,NA,NA,NA
"1006",10315595,4.31245975716435e-08,"High",NA
"1007",10315998,NA,NA,NA
"1008",10316153,NA,NA,NA
"1009",10316226,NA,NA,NA
"1010",10312871,NA,NA,NA
"1011",10313083,NA,NA,NA
"1012",10313142,NA,NA,NA
"1013",10313183,NA,NA,NA
"1014",10313226,NA,NA,NA
"1015",10313352,NA,NA,NA
"1016",10313361,NA,NA,NA
"1017",10313616,NA,NA,NA
"1018",10314070,NA,NA,NA
"1019",10314434,NA,NA,NA
"1020",10315114,NA,NA,NA
"1021",10315205,NA,NA,NA
"1022",10315406,NA,NA,NA
"1023",10315609,NA,NA,NA
"1024",10315950,NA,NA,NA
"1025",10316187,NA,NA,NA
"1026",10316294,NA,NA,NA
"1027",10313531,5.60095405731897e-06,"High","Marginal"
"1028",10313710,0.00678565071954503,"High","Slight"
"1029",10313978,0.00621132681518677,"High","Slight"
"1030",10314354,0.00473332122979709,"High","Slight"
"1031",10315179,0.00878743818478152,"High","Slight"
"1032",10315244,0.0077608839166727,"High","Moderate"
"1033",10315767,4.71222889327054e-06,"High","Marginal"
"1034",10315967,0.00698230569398098,"High","Marginal"
"1035",10316178,0.00839886021667236,"High","Marginal"
"1036",10316198,0.00609446599526725,"High","Marginal"
"1037",10316266,0.00645651017919778,"High","Moderate"
"1038",10316360,NA,NA,NA
"1039",10316427,NA,NA,NA
"1040",10313423,0.218459569454452,"Slight","Marginal"
"1041",10313538,0.100100999074175,"Moderate","Slight"
"1042",10313875,0.298519872334502,"Marginal","Marginal"
"1043",10313880,0.244434565660917,"Marginal","Marginal"
"1044",10313894,0.222581079446668,"Slight","Marginal"
"1045",10314266,0.254529600672021,"Marginal","Marginal"
"1046",10315152,0.208165812813653,"Slight","Marginal"
"1047",10316333,0.228492703588281,"Slight","Marginal"
"1048",10312855,0.278148847047634,"Marginal","Moderate"
"1049",10312921,0.310535788589975,"Marginal","Moderate"
"1050",10312967,0.275121495228975,"Marginal","Moderate"
"1051",10312979,0.22981476761602,"Slight","High"
"1052",10313027,0.349226805638435,"Marginal","Slight"
"1053",10313043,0.277433684538904,"Marginal","Moderate"
"1054",10313058,0.267242254096198,"Marginal","High"
"1055",10313078,0.335590005787778,"Marginal","Slight"
"1056",10313126,0.371084413313553,"Marginal","Marginal"
"1057",10313334,0.18768913051809,"Moderate","High"
"1058",10313483,0.244685850232263,"Slight","High"
"1059",10313522,0.327931057967219,"Marginal","Slight"
"1060",10313750,0.275449045266062,"Marginal","Moderate"
"1061",10313817,0.352657516401102,"Marginal","Marginal"
"1062",10313859,0.140965826633192,"Moderate","High"
"1063",10313923,0.312677052208216,"Marginal","Moderate"
"1064",10314245,0.349243419507821,"Marginal","Marginal"
"1065",10314343,0.412965620170085,"Marginal","Marginal"
"1066",10314496,0.21256245048795,"Slight","High"
"1067",10314662,0.317795729820623,"Marginal","Moderate"
"1068",10314810,0.321148201010444,"Marginal","Slight"
"1069",10314878,0.262319086476102,"Marginal","High"
"1070",10314910,0.248173374706292,"Slight","High"
"1071",10314912,0.25858718618293,"Slight","High"
"1072",10315174,0.335825048975552,"Marginal","Slight"
"1073",10315316,0.355941826149005,"Marginal","Marginal"
"1074",10315365,0.292624839229557,"Marginal","Moderate"
"1075",10315512,0.211652568556386,"Slight","High"
"1076",10315516,0.237504875636103,"Slight","High"
"1077",10315577,0.302065339217224,"Marginal","Moderate"
"1078",10315631,0.326465280899601,"Marginal","Slight"
"1079",10315654,0.302205427613989,"Marginal","Moderate"
"1080",10315660,0.238530843454365,"Slight","High"
"1081",10315664,0.283380869278349,"Marginal","Moderate"
"1082",10315731,0.367021676794151,"Marginal","Marginal"
"1083",10315851,0.254238095914419,"Marginal","High"
"1084",10316414,0.222930182293972,"Slight","High"
"1085",10312913,4.09802285090889e-05,"High",NA
"1086",10313151,NA,NA,NA
"1087",10313277,1.39952931642612e-05,"High",NA
"1088",10313454,1.35379075872202e-05,"High",NA
"1089",10313515,NA,NA,NA
"1090",10313722,8.76924368899686e-05,"High",NA
"1091",10313849,1.34086312061753e-07,"High",NA
"1092",10314152,NA,NA,NA
"1093",10314823,0.00974534310328274,"High",NA
"1094",10314951,4.37474237778284e-05,"High",NA
"1095",10315019,0.00111443763668724,"High",NA
"1096",10315094,NA,NA,NA
"1097",10315393,0.000110758829285585,"High",NA
"1098",10315565,0.000352099433680945,"High",NA
"1099",10315604,NA,NA,NA
"1100",10316388,NA,NA,NA
"1101",10316432,0.000625667181081888,"High",NA
"1102",10312964,8.39155458700444e-07,"High",NA
"1103",10313805,3.74067243786046e-08,"High",NA
"1104",10313985,5.90856192141104e-07,"High",NA
"1105",10314029,3.42260496998093e-08,"High",NA
"1106",10315591,1.16309074850452e-06,"High",NA
"1107",10312885,3.87260382170069e-08,NA,NA
"1108",10312972,4.8475713222829e-07,NA,NA
"1109",10313194,3.48392607684848e-07,NA,NA
"1110",10313457,6.60276708413762e-09,NA,NA
"1111",10314633,1.06117912252103e-07,NA,NA
"1112",10314809,1.5293598435897e-06,NA,NA
"1113",10314828,1.76665798071987e-08,NA,NA
"1114",10314971,7.82918513921986e-09,NA,NA
"1115",10315698,1.16523222929225e-11,NA,NA
"1116",10315771,1.53001303046002e-09,NA,NA
"1117",10316243,6.60144420053613e-08,NA,NA
"1118",10313084,0.00107430255199689,"High",NA
"1119",10313555,0.00698632990191627,"High",NA
"1120",10314390,NA,NA,NA
"1121",10314409,0.00261915019021956,"High",NA
"1122",10314663,0.00200832751610561,"High",NA
"1123",10314997,0.00146777916939793,"High",NA
"1124",10315773,0.00156153095736621,"High",NA
"1125",10316085,NA,NA,NA
"1126",10313345,NA,NA,NA
"1127",10314079,NA,NA,NA
"1128",10314330,NA,NA,NA
"1129",10314704,NA,NA,NA
"1130",10314787,NA,NA,NA
"1131",10314899,NA,NA,NA
"1132",10315215,NA,NA,NA
"1133",10315702,NA,NA,NA
"1134",10315782,NA,NA,NA
"1135",10316023,NA,NA,NA
"1136",10316216,NA,NA,NA
"1137",10316385,NA,NA,NA
"1138",10312868,8.04434348141522e-06,"High",NA
"1139",10312892,1.13303195449065e-10,"High",NA
"1140",10312901,2.02745156549805e-05,"High",NA
"1141",10312982,4.80293689106925e-09,"High",NA
"1142",10313594,1.90006470121676e-11,"High",NA
"1143",10313628,1.71469568491897e-11,"High",NA
"1144",10313685,4.21915412786284e-11,"High",NA
"1145",10313701,7.24749606130556e-08,"High",NA
"1146",10313955,1.11577623312526e-08,"High",NA
"1147",10313956,1.07164118160954e-11,"High",NA
"1148",10313971,2.26034867301258e-08,"High",NA
"1149",10313988,3.80446132850912e-07,"High",NA
"1150",10314034,1.33753784286931e-08,"High",NA
"1151",10314129,2.54347181625076e-09,"High",NA
"1152",10314699,2.39811242642264e-06,"High",NA
"1153",10314965,9.05506358133799e-11,"High",NA
"1154",10314982,0.00190844969965133,"High",NA
"1155",10315002,4.39365293107592e-11,"High",NA
"1156",10315426,1.42997943241836e-11,"High",NA
"1157",10315473,4.1217115830574e-09,"High",NA
"1158",10315524,7.29453853063516e-08,"High",NA
"1159",10315677,8.77178072398334e-07,"High",NA
"1160",10316059,3.43543422189086e-07,"High",NA
"1161",10316120,9.39994596052711e-10,"High",NA
"1162",10316426,8.27747584060969e-07,"High",NA
"1163",10312980,0.000445143100911273,"High",NA
"1164",10313056,NA,NA,NA
"1165",10313087,NA,NA,NA
"1166",10313104,NA,NA,NA
"1167",10313124,NA,NA,NA
"1168",10313135,NA,NA,NA
"1169",10313199,NA,NA,NA
"1170",10313209,NA,NA,NA
"1171",10313227,NA,NA,NA
"1172",10313422,NA,NA,NA
"1173",10313449,NA,NA,NA
"1174",10313467,0.00325076046444082,"High",NA
"1175",10313502,NA,NA,NA
"1176",10313583,NA,NA,NA
"1177",10313602,NA,NA,NA
"1178",10313617,0.00232898899823637,"High",NA
"1179",10313618,NA,NA,NA
"1180",10313716,NA,NA,NA
"1181",10313814,NA,NA,NA
"1182",10313920,NA,NA,NA
"1183",10313943,NA,NA,NA
"1184",10313981,NA,NA,NA
"1185",10314073,NA,NA,NA
"1186",10314088,NA,NA,NA
"1187",10314089,NA,NA,NA
"1188",10314119,NA,NA,NA
"1189",10314164,NA,NA,NA
"1190",10314182,NA,NA,NA
"1191",10314283,NA,NA,NA
"1192",10314297,NA,NA,NA
"1193",10314439,NA,NA,NA
"1194",10314461,NA,NA,NA
"1195",10314521,0.000509426298852608,"High",NA
"1196",10314523,NA,NA,NA
"1197",10314536,NA,NA,NA
"1198",10314569,NA,NA,NA
"1199",10314612,NA,NA,NA
"1200",10314677,NA,NA,NA
"1201",10314775,NA,NA,NA
"1202",10314850,NA,NA,NA
"1203",10314884,NA,NA,NA
"1204",10314885,NA,NA,NA
"1205",10314895,NA,NA,NA
"1206",10315045,NA,NA,NA
"1207",10315057,NA,NA,NA
"1208",10315118,NA,NA,NA
"1209",10315131,NA,NA,NA
"1210",10315175,NA,NA,NA
"1211",10315214,NA,NA,NA
"1212",10315277,NA,NA,NA
"1213",10315287,NA,NA,NA
"1214",10315288,NA,NA,NA
"1215",10315331,NA,NA,NA
"1216",10315337,NA,NA,NA
"1217",10315344,NA,NA,NA
"1218",10315366,NA,NA,NA
"1219",10315368,NA,NA,NA
"1220",10315414,NA,NA,NA
"1221",10315484,NA,NA,NA
"1222",10315520,NA,NA,NA
"1223",10315546,NA,NA,NA
"1224",10315555,2.14175441499762e-06,"High",NA
"1225",10315620,NA,NA,NA
"1226",10315754,NA,NA,NA
"1227",10315797,NA,NA,NA
"1228",10315802,NA,NA,NA
"1229",10315873,NA,NA,NA
"1230",10315907,NA,NA,NA
"1231",10315917,NA,NA,NA
"1232",10315964,NA,NA,NA
"1233",10315988,NA,NA,NA
"1234",10316096,NA,NA,NA
"1235",10316099,NA,NA,NA
"1236",10316104,NA,NA,NA
"1237",10316132,NA,NA,NA
"1238",10316233,NA,NA,NA
"1239",10316375,NA,NA,NA
"1240",10316421,NA,NA,NA
"1241",10316429,NA,NA,NA
"1242",10316436,NA,NA,NA
"1243",10316439,NA,NA,NA
"1244",604100819,0.0712589935346733,"High",NA
"1245",604100820,0.0110994412220341,"High",NA
"1246",604100821,0.0478291266157768,"High",NA
"1247",604100822,0.0541522817057965,"High",NA
"1248",10313080,NA,NA,NA
"1249",10313182,NA,NA,NA
"1250",10313409,NA,NA,NA
"1251",10313605,NA,NA,NA
"1252",10313720,NA,NA,NA
"1253",10313751,NA,NA,NA
"1254",10314742,NA,NA,NA
"1255",10315087,NA,NA,NA
"1256",10315593,NA,NA,NA
"1257",10315820,NA,NA,NA
"1258",10315959,NA,NA,NA
"1259",10312874,NA,NA,NA
"1260",10312977,NA,NA,NA
"1261",10312988,NA,NA,NA
"1262",10313310,NA,NA,NA
"1263",10313667,NA,NA,NA
"1264",10313841,NA,NA,NA
"1265",10313864,NA,NA,NA
"1266",10313899,NA,NA,NA
"1267",10313911,NA,NA,NA
"1268",10314078,NA,NA,NA
"1269",10314723,NA,NA,NA
"1270",10315264,NA,NA,NA
"1271",10315339,NA,NA,NA
"1272",10315719,NA,NA,NA
"1273",10315727,NA,NA,NA
"1274",10315814,NA,NA,NA
"1275",10316024,NA,NA,NA
"1276",10316423,NA,NA,NA
"1277",10313819,0.0120276925105321,"High","Marginal"
"1278",10314811,0.0278941017905953,"High","Marginal"
"1279",10315395,0.0287388257014083,"High","Marginal"
"1280",10316146,0.0219157888427451,"High","Marginal"
"1281",10316343,0.0292362235738597,"High","Marginal"
"1282",10312897,2.54133696034738e-06,"High",NA
"1283",10313356,2.96395739300071e-06,"High",NA
"1284",10313693,9.36491608736631e-07,"High",NA
"1285",10313904,7.71146873442701e-06,"High",NA
"1286",10314133,1.15545168393551e-06,"High",NA
"1287",10314533,2.05848853151938e-07,"High",NA
"1288",10314758,2.56074558381903e-06,"High",NA
"1289",10315268,2.08559180565426e-07,"High",NA
"1290",10315358,4.76204203853014e-06,"High",NA
"1291",10315736,NA,NA,NA
"1292",10315742,1.4999247097371e-06,"High",NA
"1293",10315944,2.06636701072844e-07,"High",NA
"1294",10316197,6.18766467523353e-06,"High",NA
"1295",10312861,0.0483935431437827,"Moderate","High"
"1296",10312915,0.0224858143324051,"High","High"
"1297",10313109,0.0506947057481754,"Moderate","High"
"1298",10313160,0.0185292817904614,"High","High"
"1299",10313631,0.0685730706765766,"Slight","High"
"1300",10313715,0.0693745568852945,"Slight","High"
"1301",10313773,0.0644220684800469,"Slight","High"
"1302",10314122,0.0112181440548066,"High","High"
"1303",10314274,0.0563752153266309,"Moderate","High"
"1304",10314306,0.0436223488708312,"Moderate","High"
"1305",10314488,0.0406794650735805,"Moderate","High"
"1306",10314619,0.0381582980501825,"Moderate","High"
"1307",10315109,0.0523208411562744,"Moderate","High"
"1308",10315606,0.0361024027722001,"Moderate","High"
"1309",10315790,0.0627276247569207,"Moderate","High"
"1310",10315942,0.0203441516610332,"High","High"
"1311",10316135,0.0652308105657355,"Slight","High"
"1312",10316326,0.0387141965215572,"Moderate","High"
"1313",604492671,0.0643014002818652,"Slight","High"
"1314",10312947,0.0457057139005579,"High","High"
"1315",10313138,0.0459484550643573,"High","High"
"1316",10313263,0.0403056704402629,"High","High"
"1317",10313360,0.038559718200296,"High","High"
"1318",10313505,0.0373192329799246,"High","High"
"1319",10313529,0.0407896384779153,"High","High"
"1320",10313559,0.0448450173978384,"High","High"
"1321",10313606,0.0420296744178594,"High","High"
"1322",10313645,0.0447674024643292,"High","High"
"1323",10315457,0.0955502269338693,"High","High"
"1324",10315544,0.0392046930256138,"High","High"
"1325",10315633,0.0535552894205504,"High","High"
"1326",10315809,0.0342721417072061,"High","High"
"1327",10315906,0.0392263200339484,"High","High"
"1328",10312951,0.0312655377572366,"High",NA
"1329",10313042,NA,NA,NA
"1330",10313765,0.0136858781585407,"High",NA
"1331",10314090,0.0262983064893467,"High",NA
"1332",10314700,0.00488057252836873,"High",NA
"1333",10315156,0.0488708404736775,"High",NA
"1334",10315530,0.0111080671882006,"High",NA
"1335",10316151,0.0141720451626573,"High",NA
"1336",10316262,0.0131105782229949,"High",NA
"1337",10316443,0.00143762420174079,"High",NA
"1338",10314190,0.39977237426088,"Marginal","Marginal"
"1339",10314221,0.410525864604566,"Marginal","Marginal"
"1340",10315728,0.154369475009478,"Moderate","High"
"1341",10316194,0.372400435923355,"Marginal","Marginal"
"1342",10312862,NA,NA,NA
"1343",10312948,NA,NA,NA
"1344",10313243,NA,NA,NA
"1345",10313304,NA,NA,NA
"1346",10313442,NA,NA,NA
"1347",10313742,NA,NA,NA
"1348",10314284,NA,NA,NA
"1349",10314524,NA,NA,NA
"1350",10314797,NA,NA,NA
"1351",10315092,NA,NA,NA
"1352",10315129,NA,NA,NA
"1353",10315670,NA,NA,NA
"1354",10316155,NA,NA,NA
"1355",10316449,NA,NA,NA
"1356",10313129,0.0998797814238241,"Moderate","Moderate"
"1357",10313250,0.0892308724045598,"Moderate","Marginal"
"1358",10313264,0.0925537313944934,"Moderate","Moderate"
"1359",10313471,0.0370532762678432,"High","Slight"
"1360",10313506,0.041313850973473,"High","Moderate"
"1361",10313687,0.0434476164984405,"High","Moderate"
"1362",10313728,0.105754424508771,"Moderate","Marginal"
"1363",10313752,0.083848607423289,"Moderate","Slight"
"1364",10313769,0.108826427901453,"Moderate","Marginal"
"1365",10314367,0.0687203895751285,"Moderate","Marginal"
"1366",10314518,0.0619585978107843,"Moderate","Marginal"
"1367",10314826,0.0562167269814021,"High","Marginal"
"1368",10315054,0.0445326764496877,"High","Moderate"
"1369",10315513,0.0642419900414737,"Moderate","Moderate"
"1370",10315559,0.0452901405258786,"High","Moderate"
"1371",10315933,0.037257716368864,"High","Moderate"
"1372",10316292,0.0381027880314849,"High","Moderate"
"1373",10316359,0.0438281515988663,"High","Moderate"
"1374",10313478,0.301139764652271,"Marginal","High"
"1375",10313519,0.165966332528401,"Moderate","High"
"1376",10313613,0.411420642018569,"Marginal","High"
"1377",10313964,0.250474106580942,"Slight","High"
"1378",10314466,0.307800639246243,"Marginal","High"
"1379",10315322,0.146016127226725,"Moderate","High"
"1380",10315607,0.515305122038954,"Marginal","High"
"1381",10315940,0.1886825572099,"Moderate","High"
"1382",10316161,0.167686088915034,"Moderate","High"
"1383",10316236,0.18738941625602,"Moderate","High"
"1384",10313980,0.00762228102377971,"High","Marginal"
"1385",10315290,0.00402632489355484,"High","Marginal"
"1386",10313032,NA,NA,NA
"1387",10313924,NA,NA,NA
"1388",10314442,NA,NA,NA
"1389",10314562,NA,NA,NA
"1390",10314628,NA,NA,NA
"1391",10314792,NA,NA,NA
"1392",10314913,NA,NA,NA
"1393",10315302,NA,NA,NA
"1394",10315766,NA,NA,NA
"1395",10316030,NA,NA,NA
"1396",10313025,0.000193369616974556,"High","Marginal"
"1397",10313344,0.00015540762818533,"High","Marginal"
"1398",10314780,NA,NA,NA
"1399",10314882,0.000748549747439155,"High","Marginal"
"1400",10313532,NA,NA,NA
"1401",10313768,NA,NA,NA
"1402",10314272,NA,NA,NA
"1403",10314845,NA,NA,NA
"1404",10314886,NA,NA,NA
"1405",10314983,NA,NA,NA
"1406",10315362,NA,NA,NA
"1407",10315639,NA,NA,NA
"1408",10315671,NA,NA,NA
"1409",10315717,NA,NA,NA
"1410",10316212,NA,NA,NA
"1411",10316213,NA,NA,NA
"1412",10316257,NA,NA,NA
"1413",10316273,NA,NA,NA
"1414",10313256,0.179741630492306,"Slight","Marginal"
"1415",10313284,0.0872854255449663,"High","Slight"
"1416",10313395,0.214948770338238,"Slight","Marginal"
"1417",10313659,0.124990913671314,"Moderate","Slight"
"1418",10313679,0.130626302868092,"Moderate","Marginal"
"1419",10313938,0.14216601104462,"Moderate","Marginal"
"1420",10313990,0.137665089377192,"Moderate","Marginal"
"1421",10313992,0.149373299730702,"Slight","Marginal"
"1422",10314005,0.12777184149079,"Moderate","Marginal"
"1423",10314168,0.129816317886743,"Moderate","Marginal"
"1424",10314630,0.00666380998195124,"High","Marginal"
"1425",10314664,0.00141273322217961,"High","Marginal"
"1426",10314751,0.161675562561041,"Moderate","Marginal"
"1427",10314863,0.160194149476648,"Moderate","Marginal"
"1428",10314996,0.112802947337679,"Moderate","Marginal"
"1429",10315083,0.11541915568788,"Moderate","Marginal"
"1430",10315371,0.129613849972903,"Moderate","Marginal"
"1431",10315539,0.0410321399596746,"High","Moderate"
"1432",10315696,0.161001218898012,"Moderate","Marginal"
"1433",10316032,0.165987506821111,"Moderate","Marginal"
"1434",10316049,0.0300021200734951,"High","Slight"
"1435",10316362,0.189771723386217,"Slight","Marginal"
"1436",10316411,0.1968120000034,"Slight","Marginal"
"1437",10313237,0.143711836317821,"Moderate","Marginal"
"1438",10314344,0.195534317462277,"Moderate","Slight"
"1439",10314427,0.216533214407412,"Slight","Marginal"
"1440",10314456,0.242311866906443,"Slight","Marginal"
"1441",10315550,0.275747366567262,"Marginal","Marginal"
"1442",10312916,NA,NA,NA
"1443",10312959,NA,NA,NA
"1444",10312960,NA,NA,NA
"1445",10312983,NA,NA,NA
"1446",10312998,NA,NA,NA
"1447",10313052,NA,NA,NA
"1448",10313096,NA,NA,NA
"1449",10313114,NA,NA,NA
"1450",10313122,NA,NA,NA
"1451",10313177,NA,NA,NA
"1452",10313212,NA,NA,NA
"1453",10313222,NA,NA,NA
"1454",10313295,NA,NA,NA
"1455",10313323,NA,NA,NA
"1456",10313342,NA,NA,NA
"1457",10313377,NA,NA,NA
"1458",10313424,NA,NA,NA
"1459",10313431,NA,NA,NA
"1460",10313481,NA,NA,NA
"1461",10313501,NA,NA,NA
"1462",10313552,NA,NA,NA
"1463",10313634,NA,NA,NA
"1464",10313670,NA,NA,NA
"1465",10313846,NA,NA,NA
"1466",10313865,NA,NA,NA
"1467",10313878,NA,NA,NA
"1468",10313987,NA,NA,NA
"1469",10314007,NA,NA,NA
"1470",10314025,NA,NA,NA
"1471",10314028,NA,NA,NA
"1472",10314215,NA,NA,NA
"1473",10314225,NA,NA,NA
"1474",10314332,NA,NA,NA
"1475",10314413,NA,NA,NA
"1476",10314417,NA,NA,NA
"1477",10314426,NA,NA,NA
"1478",10314480,NA,NA,NA
"1479",10314539,NA,NA,NA
"1480",10314555,NA,NA,NA
"1481",10314582,NA,NA,NA
"1482",10314601,NA,NA,NA
"1483",10314697,NA,NA,NA
"1484",10314759,NA,NA,NA
"1485",10314763,NA,NA,NA
"1486",10314784,NA,NA,NA
"1487",10314831,NA,NA,NA
"1488",10314852,NA,NA,NA
"1489",10314894,NA,NA,NA
"1490",10314979,NA,NA,NA
"1491",10315005,NA,NA,NA
"1492",10315020,NA,NA,NA
"1493",10315030,NA,NA,NA
"1494",10315100,NA,NA,NA
"1495",10315107,NA,NA,NA
"1496",10315146,NA,NA,NA
"1497",10315159,NA,NA,NA
"1498",10315197,NA,NA,NA
"1499",10315230,NA,NA,NA
"1500",10315254,NA,NA,NA
"1501",10315274,NA,NA,NA
"1502",10315280,NA,NA,NA
"1503",10315298,NA,NA,NA
"1504",10315315,NA,NA,NA
"1505",10315428,NA,NA,NA
"1506",10315480,NA,NA,NA
"1507",10315584,NA,NA,NA
"1508",10315665,NA,NA,NA
"1509",10315739,NA,NA,NA
"1510",10315744,NA,NA,NA
"1511",10315816,NA,NA,NA
"1512",10316114,NA,NA,NA
"1513",10316177,NA,NA,NA
"1514",10316182,NA,NA,NA
"1515",10316211,NA,NA,NA
"1516",10316228,NA,NA,NA
"1517",10316249,NA,NA,NA
"1518",10316340,NA,NA,NA
"1519",10314100,NA,NA,NA
"1520",10314135,NA,NA,NA
"1521",10315318,NA,NA,NA
"1522",10315547,NA,NA,NA
"1523",10316064,NA,NA,NA
"1524",10313623,NA,NA,NA
"1525",10314637,NA,NA,NA
"1526",10315271,NA,NA,NA
"1527",10315294,NA,NA,NA
"1528",10315811,NA,NA,NA
"1529",10315913,NA,NA,NA
"1530",10313588,NA,NA,NA
"1531",10314342,NA,NA,NA
"1532",10314380,NA,NA,NA
"1533",10314422,NA,NA,NA
"1534",10314813,NA,NA,NA
"1535",10314837,NA,NA,NA
"1536",10315213,NA,NA,NA
"1537",10315225,NA,NA,NA
"1538",10315347,NA,NA,NA
"1539",10315507,NA,NA,NA
"1540",10315623,NA,NA,NA
"1541",10315861,NA,NA,NA
"1542",10316055,NA,NA,NA
"1543",10312880,NA,NA,NA
"1544",10312889,NA,NA,NA
"1545",10312890,NA,NA,NA
"1546",10312996,NA,NA,NA
"1547",10313150,NA,NA,NA
"1548",10313274,NA,NA,NA
"1549",10313286,NA,NA,NA
"1550",10313328,NA,NA,NA
"1551",10313381,NA,NA,NA
"1552",10313492,NA,NA,NA
"1553",10313547,NA,NA,NA
"1554",10313571,NA,NA,NA
"1555",10313609,NA,NA,NA
"1556",10313663,NA,NA,NA
"1557",10313669,NA,NA,NA
"1558",10313708,NA,NA,NA
"1559",10313729,NA,NA,NA
"1560",10313745,NA,NA,NA
"1561",10313807,NA,NA,NA
"1562",10313887,NA,NA,NA
"1563",10313893,NA,NA,NA
"1564",10313918,NA,NA,NA
"1565",10313933,NA,NA,NA
"1566",10314024,NA,NA,NA
"1567",10314045,NA,NA,NA
"1568",10314077,NA,NA,NA
"1569",10314172,NA,NA,NA
"1570",10314181,NA,NA,NA
"1571",10314201,NA,NA,NA
"1572",10314240,NA,NA,NA
"1573",10314244,NA,NA,NA
"1574",10314303,NA,NA,NA
"1575",10314360,NA,NA,NA
"1576",10314377,NA,NA,NA
"1577",10314387,NA,NA,NA
"1578",10314438,NA,NA,NA
"1579",10314551,NA,NA,NA
"1580",10314589,NA,NA,NA
"1581",10314595,NA,NA,NA
"1582",10314756,NA,NA,NA
"1583",10314782,NA,NA,NA
"1584",10314821,NA,NA,NA
"1585",10314909,NA,NA,NA
"1586",10314952,NA,NA,NA
"1587",10314954,NA,NA,NA
"1588",10315151,NA,NA,NA
"1589",10315196,NA,NA,NA
"1590",10315217,NA,NA,NA
"1591",10315218,NA,NA,NA
"1592",10315239,NA,NA,NA
"1593",10315242,NA,NA,NA
"1594",10315292,NA,NA,NA
"1595",10315330,NA,NA,NA
"1596",10315367,NA,NA,NA
"1597",10315418,NA,NA,NA
"1598",10315459,NA,NA,NA
"1599",10315504,NA,NA,NA
"1600",10315536,NA,NA,NA
"1601",10315563,NA,NA,NA
"1602",10315619,NA,NA,NA
"1603",10315638,NA,NA,NA
"1604",10315707,NA,NA,NA
"1605",10315715,NA,NA,NA
"1606",10315721,NA,NA,NA
"1607",10315740,NA,NA,NA
"1608",10315752,NA,NA,NA
"1609",10315829,NA,NA,NA
"1610",10315856,NA,NA,NA
"1611",10315981,NA,NA,NA
"1612",10315993,NA,NA,NA
"1613",10316017,NA,NA,NA
"1614",10316043,NA,NA,NA
"1615",10316057,NA,NA,NA
"1616",10316123,NA,NA,NA
"1617",10316184,NA,NA,NA
"1618",10316200,NA,NA,NA
"1619",10316264,NA,NA,NA
"1620",10316365,NA,NA,NA
"1621",10316376,NA,NA,NA
"1622",10316387,NA,NA,NA
"1623",10316424,NA,NA,NA
"1624",10312965,0.0537598460655886,"High","Marginal"
"1625",10313017,0.0918808602454696,"High","Marginal"
"1626",10313018,0.11046859304561,"High","Marginal"
"1627",10313035,0.083591193068611,"High","Marginal"
"1628",10313079,0.102951825910848,"High","Marginal"
"1629",10313259,0.0658299126463272,"High","Marginal"
"1630",10313296,0.126715683827158,"High","Marginal"
"1631",10313461,0.0464518436254879,"High","Marginal"
"1632",10313466,0.0932580199813381,"High","Marginal"
"1633",10313644,0.0522489061405298,"High","Marginal"
"1634",10313694,0.0614751647027833,"High","Marginal"
"1635",10313746,0.0709112667682165,"High","Marginal"
"1636",10313760,0.0563263116756258,"High","Marginal"
"1637",10314026,0.096812240327541,"High","Marginal"
"1638",10314271,0.0591804102948195,"High","Marginal"
"1639",10314538,0.078240101733972,"High","Marginal"
"1640",10314546,0.051082593648442,"High","Marginal"
"1641",10314605,0.0940398131610405,"High","Marginal"
"1642",10314671,0.0716596849637063,"High","Marginal"
"1643",10314691,0.103994654359785,"High","Marginal"
"1644",10314717,0.0671573347228998,"High","Marginal"
"1645",10314762,0.0653343896370716,"High","Marginal"
"1646",10314956,0.0479694430291256,"High","Marginal"
"1647",10315526,0.0701373515360346,"High","Marginal"
"1648",10315935,0.0512010815654328,"High","Marginal"
"1649",10315939,0.125481961959562,"High","Marginal"
"1650",10316111,0.0727806320863991,"High","Marginal"
"1651",10316139,0.0703380527524254,"High","Marginal"
"1652",10316307,0.0705230383757501,"High","Marginal"
"1653",10316433,0.106377506876106,"High","Marginal"
"1654",10312898,NA,NA,NA
"1655",10312931,NA,NA,NA
"1656",10313059,NA,NA,NA
"1657",10313591,NA,NA,NA
"1658",10313686,NA,NA,NA
"1659",10313842,NA,NA,NA
"1660",10314013,NA,NA,NA
"1661",10314308,NA,NA,NA
"1662",10314357,NA,NA,NA
"1663",10314366,NA,NA,NA
"1664",10315289,NA,NA,NA
"1665",10315350,NA,NA,NA
"1666",10315775,NA,NA,NA
"1667",10315915,NA,NA,NA
"1668",10313054,NA,NA,NA
"1669",10313067,0.000454061867456673,"Moderate",NA
"1670",10313288,NA,NA,NA
"1671",10313302,3.41218142936602e-07,"Moderate",NA
"1672",10313363,6.18892713398778e-06,"Moderate",NA
"1673",10313658,8.32928124326845e-05,"Moderate",NA
"1674",10313692,7.2175023089679e-08,"Moderate",NA
"1675",10313957,9.21498619515399e-06,"Moderate",NA
"1676",10314155,NA,NA,NA
"1677",10314678,0.00269048842887729,"Moderate",NA
"1678",10314802,NA,NA,NA
"1679",10314901,0.0331532393832199,"Slight",NA
"1680",10314931,NA,NA,NA
"1681",10315022,3.62968408449555e-05,"Moderate",NA
"1682",10315085,1.19876572318378e-06,"Moderate",NA
"1683",10315137,0.030124973530936,"Moderate",NA
"1684",10315178,0.000403340632213856,"Moderate",NA
"1685",10315261,7.92110861973594e-06,"Moderate",NA
"1686",10315380,7.19003712204945e-06,"Moderate",NA
"1687",10315655,NA,NA,NA
"1688",10315758,0.000784588212357928,"Moderate",NA
"1689",10315931,NA,NA,NA
"1690",10316061,1.3566309139898e-06,"Moderate",NA
"1691",10316062,NA,NA,NA
"1692",10316083,0.0150150954987971,"Moderate",NA
"1693",10312864,1.83097791653933e-06,"High",NA
"1694",10312882,8.62275633731667e-07,"High",NA
"1695",10312981,0.00030152542140982,"High",NA
"1696",10312994,1.75151986852797e-06,"High",NA
"1697",10313037,NA,NA,NA
"1698",10313073,9.20066212472131e-07,"High",NA
"1699",10313093,6.47370284351117e-06,"High",NA
"1700",10313297,NA,NA,NA
"1701",10313416,NA,NA,NA
"1702",10313572,3.72320173852687e-05,"High",NA
"1703",10313593,NA,NA,NA
"1704",10313596,NA,NA,NA
"1705",10313598,NA,NA,NA
"1706",10313614,NA,NA,NA
"1707",10313615,NA,NA,NA
"1708",10313785,2.69263787449041e-07,"High",NA
"1709",10313824,NA,NA,NA
"1710",10313982,NA,NA,NA
"1711",10314054,9.42401133205615e-06,"High",NA
"1712",10314057,NA,NA,NA
"1713",10314068,NA,NA,NA
"1714",10314123,6.49295628051309e-07,"High",NA
"1715",10314176,NA,NA,NA
"1716",10314194,NA,NA,NA
"1717",10314204,0.000104331907425933,"High",NA
"1718",10314205,1.52307054689474e-05,"High",NA
"1719",10314255,NA,NA,NA
"1720",10314270,5.99065180600385e-07,"High",NA
"1721",10314376,NA,NA,NA
"1722",10314484,1.18271813881672e-05,"High",NA
"1723",10314645,4.47543205554935e-05,"High",NA
"1724",10314740,NA,NA,NA
"1725",10314790,NA,NA,NA
"1726",10314805,3.24774653395306e-06,"High",NA
"1727",10314915,1.75030851057727e-06,"High",NA
"1728",10314961,NA,NA,NA
"1729",10315059,NA,NA,NA
"1730",10315072,NA,NA,NA
"1731",10315101,NA,NA,NA
"1732",10315132,1.14575618693608e-06,"High",NA
"1733",10315141,NA,NA,NA
"1734",10315160,2.34521172489703e-07,"High",NA
"1735",10315210,2.4882443442561e-06,"High",NA
"1736",10315262,1.22946263225313e-06,"High",NA
"1737",10315299,NA,NA,NA
"1738",10315336,NA,NA,NA
"1739",10315340,NA,NA,NA
"1740",10315356,1.95233380991257e-05,"High",NA
"1741",10315410,NA,NA,NA
"1742",10315468,1.2154700527376e-06,"High",NA
"1743",10315481,0.000128064405596294,"High",NA
"1744",10315850,6.63414965808256e-07,"High",NA
"1745",10315864,NA,NA,NA
"1746",10315921,NA,NA,NA
"1747",10316054,7.93218664526405e-05,"High",NA
"1748",10316157,NA,NA,NA
"1749",10316199,NA,NA,NA
"1750",10316201,NA,NA,NA
"1751",10316210,NA,NA,NA
"1752",10316300,2.83434842317991e-06,"High",NA
"1753",10316328,6.21781991848891e-07,"High",NA
"1754",10316329,1.90324724194293e-07,"High",NA
"1755",10316431,NA,NA,NA
"1756",10313092,1.23704160594466e-05,"High",NA
"1757",10314591,2.73668931318997e-05,"High",NA
"1758",10315349,NA,NA,NA
"1759",10315662,1.16465189506456e-05,"High",NA
"1760",10316019,1.63506551736569e-05,"High",NA
"1761",10316122,0.000401073733030105,"High",NA
"1762",10312891,0.0182290872808749,"High",NA
"1763",10313123,0.00572759016311164,"High",NA
"1764",10313562,0.00329173387334743,"High",NA
"1765",10313607,0.00317128330145146,"High",NA
"1766",10313744,0.000787612982366067,"High",NA
"1767",10314236,0.00136893981837081,"High",NA
"1768",10314289,0.00507688424690496,"High",NA
"1769",10314776,0.0598631742556726,"Moderate",NA
"1770",10314874,0.0053685565956346,"High",NA
"1771",10314918,0.000552210678056463,"High",NA
"1772",10314972,0.00247610442813223,"High",NA
"1773",10315269,0.0197604631617144,"High",NA
"1774",10315310,0.0113581341795989,"High",NA
"1775",10315597,NA,NA,NA
"1776",10315703,0.00560908785402218,"High",NA
"1777",10315838,0.0010933417470266,"High",NA
"1778",10315883,NA,NA,NA
"1779",10315924,0.0373145241276744,"Moderate",NA
"1780",10316040,0.0192267591891568,"High",NA
"1781",10316121,0.00732472084411518,"High",NA
"1782",10316244,0.0952233837989579,"Slight",NA
"1783",10312888,NA,NA,NA
"1784",10313378,4.55093089843274e-07,"High","Marginal"
"1785",10313486,0.000495931921308374,"High","Marginal"
"1786",10313804,NA,NA,NA
"1787",10314096,NA,NA,NA
"1788",10314313,NA,NA,NA
"1789",10314893,0.000118050725618489,"High","Marginal"
"1790",10315266,0.000632307954613387,"High","Slight"
"1791",10315889,1.75593636782827e-05,"High","Marginal"
"1792",10313039,0.0595153705297428,"High","High"
"1793",10313415,0.182204947830369,"Moderate","High"
"1794",10313551,0.280201544868288,"Slight","Slight"
"1795",10314120,0.193067561307442,"Moderate","Moderate"
"1796",10314868,0.136736455591522,"High","High"
"1797",10314963,0.096748723920949,"High","High"
"1798",10315666,0.0542578766397613,"High","High"
"1799",10315723,0.13571413577229,"High","High"
"1800",10316165,0.191449874969051,"Moderate","Moderate"
"1801",10316195,0.300406926286753,"Slight","Slight"
"1802",10314196,0.0336669080812547,"High","Slight"
"1803",10314247,0.0429583928768881,"High","Moderate"
"1804",10314375,0.0540872741709186,"High","Marginal"
"1805",10314646,0.026115552567901,"High","Slight"
"1806",10314690,0.0387609868850628,"High","Moderate"
"1807",10314859,0.0419888502659194,"High","Marginal"
"1808",10315084,0.0282112745834581,"High","Slight"
"1809",10315089,0.0323073211467356,"High","Slight"
"1810",10315833,0.0430088546921533,"High","Slight"
"1811",10316069,0.03688941147387,"High","Moderate"
"1812",10315113,0.170126126735925,"Moderate","High"
"1813",10313233,0.233771492001786,"Slight","High"
"1814",10315532,0.234806650943758,"Slight","High"
"1815",10314341,0.274221307852933,"Marginal","High"
"1816",10315061,0.10164804362521,"High","High"
"1817",10314472,0.228835085092036,"Slight","High"
"1818",10316047,0.109401223014279,"High","High"
"1819",10314282,0.212856051078101,"Moderate","High"
"1820",10314522,0.249161102137961,"Slight","High"
"1821",10315836,0.318545712440998,"Marginal","Moderate"
"1822",10823028,0.525989585843263,"Marginal","Marginal"
"1823",10314507,0.203879098930209,"Moderate","Moderate"
"1824",10823029,0.508245312515078,"Marginal","Marginal"
"1825",10823030,0.363256198480523,"Marginal","Marginal"
"1826",10823032,0.325296862829409,"Marginal","Marginal"
"1827",10823033,0.286043624098926,"Marginal","Marginal"
"1828",10823034,0.41859372965924,"Marginal","Marginal"
"1829",10823035,0.397059205844068,"Marginal","Marginal"
"1830",10313076,0.465243789620387,"Marginal","Marginal"
"1831",10315464,0.17532867298122,"Moderate","Moderate"
"1832",10823036,0.265619365928831,"Slight","Marginal"
"1833",10823037,0.208307245150887,"Moderate","Moderate"
"1834",10316295,0.408331368160232,"Marginal","Marginal"
"1835",10823038,0.0918628829879461,"High","High"
"1836",10823039,0.188695180963024,"Moderate","Moderate"
"1837",10823040,0.297695726440208,"Marginal","Marginal"
"1838",10823041,0.145375025637496,"High","Moderate"
"1839",10823042,0.119862587322685,"High","High"
"1840",10823043,0.216919364217416,"Moderate","Moderate"
"1841",10823044,0.251112771136327,"Slight","Slight"
"1842",10314999,0.137975332542022,"High","Moderate"
"1843",10314457,0.130635547393774,"High","High"
"1844",10313723,0.419939399383136,"Marginal","Marginal"
"1845",10823045,0.283749608037118,"Marginal","Marginal"
"1846",10823046,0.11928466410873,"High","High"
"1847",10823047,0.308941247218992,"Marginal","Marginal"
"1848",10823048,0.28518021002855,"Marginal","Marginal"
"1849",10823049,0.337748706878994,"Marginal","Marginal"
"1850",10823050,0.139292648864227,"High","High"
"1851",10314652,0.418774628738302,"Marginal","Marginal"
"1852",10313414,0.207010184121996,"Moderate","Moderate"
"1853",10823051,0.11986283423187,"High","High"
"1854",10314207,0.368821534472868,"Marginal","Marginal"
"1855",10823052,0.0908476911655945,"High","High"
"1856",10313260,0.237296670992977,"Slight","Slight"
"1857",10823053,0.327990006591037,"Marginal","Marginal"
"1858",10313509,0.00704116045980824,"High","High"
"1859",10314754,0.12657616710264,"High","High"
"1860",10315699,0.302772274062258,"Marginal","Marginal"
"1861",604492677,0.183594614640361,"Moderate","Moderate"
"1862",604492675,0.196292354119196,"Moderate","Moderate"
"1863",10315657,0.139069082331094,"High","High"
"1864",10823054,0.304670510248121,"Marginal","Marginal"
"1865",10823055,0.128894289112914,"High","High"
"1866",10315134,0.0924867907436031,"High","High"
"1867",10314003,0.315772259403069,"Marginal","Marginal"
"1868",10315676,0.134914450387025,"High","Moderate"
"1869",10313255,0.121977862159597,"High","High"
"1870",10314674,0.204694930711523,"Moderate","Moderate"
"1871",10313327,0.113155506216342,"High","High"
"1872",10315905,0.475658300434953,"Marginal","Marginal"
"1873",10313528,0.283039499536774,"Marginal","Marginal"
"1874",10313802,0.181854933812536,"Moderate","Moderate"
"1875",10313662,0.147451864489015,"High","High"
"1876",10823056,0.279708908361364,"Marginal","Marginal"
"1877",10823058,0.369551743578464,"Marginal","Marginal"
"1878",10315461,0.00984853372230339,"High","High"
"1879",10316258,0.458419341946365,"Marginal","Marginal"
"1880",10823059,0.133509469220033,"High","High"
"1881",10823060,0.473913570455826,"Marginal","Marginal"
"1882",10313453,0.426826615227424,"Marginal","Marginal"
"1883",10313202,0.337503246504736,"Marginal","Marginal"
"1884",10823061,0.131528155424877,"High","High"
"1885",10823062,0.177267853694371,"Moderate","Moderate"
"1886",10823063,0.172971869392363,"Moderate","Moderate"
"1887",10314676,0.152798514004254,"Moderate","Moderate"
"1888",604100834,0.268109465843265,"Slight",NA
"1889",10823064,0.420966096507951,"Marginal","Marginal"
"1890",10316350,0.41073665017019,"Marginal","Marginal"
"1891",10823065,0.343818000476062,"Marginal","Marginal"
"1892",10316336,0.224020188397851,"Moderate","Moderate"
"1893",10823066,0.154112323282651,"High","Moderate"
"1894",10823067,0.16004174813953,"Moderate","Moderate"
"1895",10823068,0.217239185641065,"Moderate","Moderate"
"1896",10823069,0.142901321807831,"High","Moderate"
"1897",10314767,0.128079102935537,"High","High"
"1898",10315830,0.203019215730981,"Moderate","Moderate"
"1899",10315476,0.372582694336246,"Marginal","Marginal"
"1900",10316334,0.222148686051207,"Moderate","Slight"
"1901",10313003,0.118087282703915,"High","High"
"1902",10823070,0.144743730474985,"High","Moderate"
"1903",10823071,0.134812473137917,"High","High"
"1904",10315326,0.323721941608827,"Marginal","Marginal"
"1905",10314946,0.145038643332321,"High","Moderate"
"1906",10314319,0.118564696143788,"High","High"
"1907",10316089,0.161566532741004,"High","Moderate"
"1908",10313332,0.176370278403793,"Moderate","Moderate"
"1909",10314734,0.397692494612051,"Marginal","Marginal"
"1910",10823072,0.191144798393298,"Moderate","Moderate"
"1911",10315285,0.251286211941284,"Slight","Slight"
"1912",10823073,0.499372064574539,"Marginal","Marginal"
"1913",10823074,0.328033916985097,"Marginal","Marginal"
"1914",10823075,0.466994361912436,"Marginal","Marginal"
"1915",10314702,0.316666281072534,"Marginal","Marginal"
"1916",10823076,0.307209717225194,"Marginal","Marginal"
"1917",10823077,0.11795041320552,"High","High"
"1918",10315890,0.0919328164161684,"High","High"
"1919",10823078,0.489404190432066,"Marginal","Marginal"
"1920",604492676,0.517747505655556,"Marginal","Marginal"
"1921",10823079,0.448545404751064,"Marginal","Marginal"
"1922",10823080,0.516296216857534,"Marginal","Marginal"
"1923",10315488,0.50335372793314,"Marginal","Marginal"
"1924",10314071,0.259919463238514,"Slight","Slight"
"1925",10316322,0.138352377395852,"High","High"
"1926",604100796,0.00107828702547987,"High","High"
"1927",10823081,0.12564925584322,"High","High"
"1928",10313550,0.123955034554684,"High","High"
"1929",10823082,0.254576995741902,"Slight","Slight"
"1930",10823083,0.120292387552039,"High","High"
"1931",10315431,0.211236202477611,"Moderate","Moderate"
"1932",10313071,0.319797025838689,"Marginal","Marginal"
"1933",10315170,0.16892284595621,"Moderate","Moderate"
"1934",10313603,0.292945800230493,"Marginal","Marginal"
"1935",10313044,0.120382961249651,"High","High"
"1936",10315234,0.15492662768511,"Moderate","Moderate"
"1937",10823084,0.32354757462567,"Marginal","Marginal"
