"","ISO3","Country_Name","Year","High_Mult","Low_Mult"
"1","CHN","China",2020,1.03730469160015,0.95495998875586
"2","PRK","North Korea",2020,1.14594651199001,0.865725847259717
"3","KHM","Cambodia",2020,1.03496244735359,0.962822494259761
"4","IDN","Indonesia",2020,1.02035943994907,0.97847864951043
"5","LAO","Laos",2020,1.08172924121554,0.916841884483251
"6","MYS","Malaysia",2020,1.05106177145791,0.95899529707283
"7","MMR","Myanmar",2020,1.08240842250559,0.906440340580272
"8","PHL","Philippines",2020,1.09119940203849,0.902179223330279
"9","LKA","Sri Lanka",2020,1.0453206280966,0.945631587896866
"10","THA","Thailand",2020,1.05802169073755,0.941004487438047
"11","TLS","East Timor",2020,1.08291817498902,0.915698668101826
"12","VNM","Vietnam",2020,1.04823873228367,0.950756678617593
"13","PNG","Papua New Guinea",2020,1.1165992233485,0.884924454404573
"14","SLB","Solomon Islands",2020,1.04547318199626,0.945039997914234
"15","VUT","Vanuatu",2020,1.07013744650144,0.925547255160629
"16","ARM","Armenia",2020,1.20008095962934,0.77852922699486
"17","AZE","Azerbaijan",2020,1.1792107756208,0.793913980807751
"18","GEO","Georgia",2020,1.16684180617417,0.794774242829504
"19","KGZ","Kyrgyzstan",2020,1.32007485276343,0.662779462545755
"20","TJK","Tajikistan",2020,1.257516944237,0.726658573813257
"21","TKM","Turkmenistan",2020,1.14513821152797,0.817625664139969
"22","UZB","Uzbekistan",2020,1.19438902681882,0.751562709479132
"23","KOR","South Korea",2020,1.04631493671904,0.938800367404764
"24","ARG","Argentina",2020,1.07705509659581,0.902886602807563
"25","BLZ","Belize",2020,1.07397414042067,0.927121643639148
"26","DOM","Dominican Republic",2020,1.06605313034054,0.933352712841831
"27","GUY","Guyana",2020,1.08266636967315,0.907665529505478
"28","HTI","Haiti",2020,1.16038935595401,0.816894363563448
"29","SUR","Suriname",2020,1.08698901675891,0.905198538082275
"30","BOL","Bolivia",2020,1.08898173488761,0.899922130441192
"31","ECU","Ecuador",2020,1.07667776485599,0.933112037174836
"32","PER","Peru",2020,1.06284811433247,0.940579003894797
"33","COL","Colombia",2020,1.07442501015591,0.919550908591859
"34","CRI","Costa Rica",2020,1.05019290658249,0.94679050482662
"35","SLV","El Salvador",2020,1.05746050478497,0.939598966202761
"36","GTM","Guatemala",2020,1.05962233017105,0.939309490554563
"37","HND","Honduras",2020,1.08168673778916,0.91631652213679
"38","MEX","Mexico",2020,1.04426409453375,0.955122365981651
"39","NIC","Nicaragua",2020,1.06410307815106,0.933387130295168
"40","PAN","Panama",2020,1.08505927313165,0.921075060747359
"41","VEN","Venezuela",2020,1.06755261071056,0.902857119765561
"42","BRA","Brazil",2020,1.06539186770504,0.927292633410215
"43","PRY","Paraguay",2020,1.05862037605327,0.941395678765
"44","DZA","Algeria",2020,1.12795767776987,0.86732317658875
"45","IRN","Iran",2020,1.14444783705134,0.815611458314242
"46","IRQ","Iraq",2020,1.09993062257787,0.878894968838456
"47","MAR","Morocco",2020,1.10423152672402,0.878622952158243
"48","OMN","Oman",2020,1.11833492332617,0.861946260095444
"49","SAU","Saudi Arabia",2020,1.11186507944957,0.834909374216162
"50","SYR","Syria",2020,1.25224965571576,0.784777076464121
"51","TUR","Turkey",2020,1.12582000900173,0.855568276045403
"52","YEM","Yemen",2020,1.17850874883566,0.811446196034222
"53","AFG","Afghanistan",2020,1.13289864616896,0.831161504601651
"54","BGD","Bangladesh",2020,1.07730658871965,0.91464904426369
"55","BTN","Bhutan",2020,1.04237224910674,0.945636427283266
"56","IND","India",2020,1.04329962477804,0.959812458616726
"57","NPL","Nepal",2020,1.04784555308028,0.940894465435643
"58","PAK","Pakistan",2020,1.04337997890582,0.961307067016731
"59","AGO","Angola",2020,1.09510012223071,0.893350684283433
"60","CAF","Central African Republic",2020,1.23580822462054,0.795170670147413
"61","COG","Republic Of Congo",2020,1.12786175433223,0.884597738833269
"62","COD","Democratic Republic Of The Congo",2020,1.21257862819233,0.784594116552382
"63","GNQ","Equatorial Guinea",2020,1.07493698093457,0.918064726416424
"64","GAB","Gabon",2020,1.06576164260764,0.938837788049369
"65","BDI","Burundi",2020,1.08368900508007,0.911417730624066
"66","COM","Comoros",2020,1.11516204855102,0.911326595565366
"67","DJI","Djibouti",2020,1.06635132833321,0.924375577046244
"68","ERI","Eritrea",2020,1.04296554548167,0.959668897326198
"69","ETH","Ethiopia",2020,1.11414774005385,0.881528919752541
"70","KEN","Kenya",2020,1.0719939578949,0.933228156355604
"71","MDG","Madagascar",2020,1.10402276500002,0.904141881987788
"72","MWI","Malawi",2020,1.07978063634392,0.920408565866698
"73","MOZ","Mozambique",2020,1.07630221459394,0.926020014524222
"74","RWA","Rwanda",2020,1.08675278948242,0.913080604901451
"75","SOM","Somalia",2020,1.32727584308373,0.676966834079843
"76","TZA","Tanzania",2020,1.0450631565253,0.954072491345053
"77","UGA","Uganda",2020,1.02880932173737,0.971350173917541
"78","ZMB","Zambia",2020,1.05866388553333,0.931243023817601
"79","BWA","Botswana",2020,1.07696916410409,0.929441929185663
"80","NAM","Namibia",2020,1.08885885162724,0.913987721683736
"81","ZAF","South Africa",2020,1.07623981253698,0.918831992557388
"82","SWZ","Swaziland",2020,1.0798604983207,0.916348918483215
"83","ZWE","Zimbabwe",2020,1.2053263207563,0.843195283672487
"84","BEN","Benin",2020,1.10407259643791,0.885945909178355
"85","BFA","Burkina Faso",2020,1.10554949704533,0.878658807260743
"86","CMR","Cameroon",2020,1.0938034951168,0.869636803889912
"87","CPV","Cape Verde",2020,1.0776760537112,0.9191586795403
"88","TCD","Chad",2020,1.15435392564482,0.861097683642342
"89","CIV","Cote d'Ivoire",2020,1.08420739042206,0.913827992218834
"90","GMB","Gambia",2020,1.08317991054024,0.906604720016146
"91","GHA","Ghana",2020,1.06382147224672,0.92058556349359
"92","GIN","Guinea",2020,1.09094101348338,0.913207917314763
"93","GNB","Guinea-Bissau",2020,1.09105935742764,0.881092467794907
"94","LBR","Liberia",2020,1.06986885820634,0.921419007148936
"95","MLI","Mali",2020,1.13278047941225,0.838357332142754
"96","MRT","Mauritania",2020,1.11984320897314,0.880708843109522
"97","NER","Niger",2020,1.15376405804363,0.872510247358381
"98","NGA","Nigeria",2020,1.05546093687025,0.924859475205155
"99","STP","Sao Tome And Principe",2020,1.08667598329207,0.916757860918155
"100","SEN","Senegal",2020,1.09839325459563,0.900506048085808
"101","SLE","Sierra Leone",2020,1.05784850701527,0.922065239303659
"102","TGO","Togo",2020,1.09762153250228,0.9039490490821
"103","GUF","French Guiana",2020,1.12217121995775,0.881807685412019
"104","MYT","Mayotte",2020,1.06668314649108,0.931753224678433
"105","SSD","South Sudan",2020,1.19501567725964,0.811539474383983
"106","SDN","Sudan",2020,1.12256655742014,0.825189150059798
"107","MEX","Mexico",2020,1.07101363833137,0.941086035671863
"108","MEX","Mexico",2020,1.04068980182638,0.954172634213255
"109","MEX","Mexico",2020,1.04757571007407,0.939002853283308
"110","MEX","Mexico",2020,1.04197510815536,0.950118543764448
"111","MEX","Mexico",2020,1.035025080485,0.962698130281692
"112","MEX","Mexico",2020,1.06463282908353,0.939878649822001
"113","MEX","Mexico",2020,1.0605482513547,0.941364409283063
"114","MEX","Mexico",2020,1.04508953163862,0.950211084330366
"115","MEX","Mexico",2020,1.05418067194689,0.944554358567058
"116","MEX","Mexico",2020,1.067914865139,0.919937167663097
"117","MEX","Mexico",2020,1.05603022726195,0.944632415869106
"118","MEX","Mexico",2020,1.04347490923429,0.944766651635889
"119","MEX","Mexico",2020,1.04378221242584,0.950810733091348
"120","MEX","Mexico",2020,1.03853423605643,0.963934684841343
"121","MEX","Mexico",2020,1.05120807346339,0.943009923035786
"122","MEX","Mexico",2020,1.05794652702032,0.940552569907607
"123","MEX","Mexico",2020,1.04661995579412,0.952801776783645
"124","MEX","Mexico",2020,1.0483060303698,0.948981839455572
"125","MEX","Mexico",2020,1.06847504059642,0.942518709124461
"126","MEX","Mexico",2020,1.04645710583931,0.958116988453752
"127","MEX","Mexico",2020,1.04667674275043,0.938774690973848
"128","MEX","Mexico",2020,1.04965822226594,0.945452803418225
"129","MEX","Mexico",2020,1.04617080177804,0.960760382836017
"130","MEX","Mexico",2020,1.04503777490683,0.947704830018726
"131","MEX","Mexico",2020,1.05201763870718,0.937510492350623
"132","MEX","Mexico",2020,1.05877021006734,0.938365812062998
"133","MEX","Mexico",2020,1.05126428116594,0.932694851724313
"134","MEX","Mexico",2020,1.05465700623524,0.936085603257481
"135","MEX","Mexico",2020,1.04514744996836,0.945365871751225
"136","MEX","Mexico",2020,1.0531019666198,0.934176664275326
"137","MEX","Mexico",2020,1.04544634568488,0.954590565240825
"138","MEX","Mexico",2020,1.06861096131859,0.914500845320831
"139","BRA","Brazil",2020,1.09398730203203,0.90790913915882
"140","BRA","Brazil",2020,1.10357279065993,0.916105368538948
"141","BRA","Brazil",2020,1.09502010645451,0.904099263851626
"142","BRA","Brazil",2020,1.08247289375992,0.923285876379264
"143","BRA","Brazil",2020,1.06547810650546,0.918653948406435
"144","BRA","Brazil",2020,1.08529519440062,0.923588229690703
"145","BRA","Brazil",2020,1.06566148994544,0.913384239940937
"146","BRA","Brazil",2020,1.08319008021597,0.919711402813042
"147","BRA","Brazil",2020,1.09587717452658,0.91047886080914
"148","BRA","Brazil",2020,1.08443805246896,0.92497365139249
"149","BRA","Brazil",2020,1.08469676136157,0.898915713400336
"150","BRA","Brazil",2020,1.08707346424674,0.908184185048516
"151","BRA","Brazil",2020,1.08689473115944,0.911126252387413
"152","BRA","Brazil",2020,1.11196416649042,0.900424711739826
"153","BRA","Brazil",2020,1.06384027996374,0.942863844765019
"154","BRA","Brazil",2020,1.08822868961925,0.893396582804024
"155","BRA","Brazil",2020,1.09226649033008,0.926605574542979
"156","BRA","Brazil",2020,1.07218810981271,0.938479037794391
"157","BRA","Brazil",2020,1.08495852991373,0.899989350869011
"158","BRA","Brazil",2020,1.06533068585476,0.898124939839515
"159","BRA","Brazil",2020,1.08231341667222,0.919775878209095
"160","BRA","Brazil",2020,1.09015792594212,0.899433265089742
"161","BRA","Brazil",2020,1.08120665674168,0.904783064078939
"162","BRA","Brazil",2020,1.07967898486343,0.917041833521558
"163","BRA","Brazil",2020,1.07873578629181,0.915377552214827
"164","BRA","Brazil",2020,1.06584967325775,0.928167168593105
"165","BRA","Brazil",2020,1.09402476379232,0.894930644446036
"166","IRN","Iran",2020,1.13894234205718,0.838454450173218
"167","IRN","Iran",2020,1.13255258966557,0.817913987587202
"168","IRN","Iran",2020,1.13552624852042,0.850098351197534
"169","IRN","Iran",2020,1.12139772091634,0.855342729329295
"170","IRN","Iran",2020,1.1356310608494,0.854681230876841
"171","IRN","Iran",2020,1.18322770219606,0.816563842000056
"172","IRN","Iran",2020,1.14377534468146,0.828969179280665
"173","IRN","Iran",2020,1.16493567400261,0.826540014186382
"174","IRN","Iran",2020,1.13810663306074,0.848755672818977
"175","IRN","Iran",2020,1.18126204075387,0.846842039818933
"176","IRN","Iran",2020,1.14105040803268,0.842754361622627
"177","IRN","Iran",2020,1.15202305126618,0.824466684314414
"178","IRN","Iran",2020,1.1465224912281,0.813167373463126
"179","IRN","Iran",2020,1.17615709115007,0.813207612468913
"180","IRN","Iran",2020,1.16933670661352,0.828513331467281
"181","IRN","Iran",2020,1.11893972804693,0.872187688666497
"182","IRN","Iran",2020,1.12284638536822,0.830776401517357
"183","IRN","Iran",2020,1.11970715637654,0.848216826279366
"184","IRN","Iran",2020,1.14063847572849,0.826437507193276
"185","IRN","Iran",2020,1.13820387167951,0.857577372703906
"186","IRN","Iran",2020,1.12797276946334,0.852896282338612
"187","IRN","Iran",2020,1.14391917877653,0.814052005735927
"188","IRN","Iran",2020,1.14143246489394,0.872797853104336
"189","IRN","Iran",2020,1.14443514742887,0.855842947365893
"190","IRN","Iran",2020,1.15392007130789,0.773106928048431
"191","IRN","Iran",2020,1.14055621462202,0.843048442650638
"192","IRN","Iran",2020,1.13883860199733,0.861971097963764
"193","IRN","Iran",2020,1.10285686106732,0.895324385625643
"194","IRN","Iran",2020,1.12748507503197,0.861886371679014
"195","IRN","Iran",2020,1.13508227576532,0.825918066795756
"196","IRN","Iran",2020,1.13955181132183,0.838710414662852
"197","IND","India",2020,1.03349654791385,0.958814535577761
"198","IND","India",2020,1.13795513518432,0.871229444996767
"199","IND","India",2020,1.08632240954096,0.900795096518017
"200","IND","India",2020,1.04940437504434,0.948779513013599
"201","IND","India",2020,1.03909858289123,0.953746720967745
"202","IND","India",2020,1.03133831628699,0.968804794333081
"203","IND","India",2020,1.03533691256759,0.96074845469713
"204","IND","India",2020,1.03983469762923,0.959058429262738
"205","IND","India",2020,1.01932202565701,0.977508084500922
"206","IND","India",2020,1.03494693262048,0.958721804246706
"207","IND","India",2020,1.0339872567015,0.966260807133045
"208","IND","India",2020,1.05251997154496,0.940330561953178
"209","IND","India",2020,1.0341484311529,0.957730533597371
"210","IND","India",2020,1.04715339906877,0.937746563883541
"211","IND","India",2020,1.04488095591353,0.948641213826961
"212","IND","India",2020,1.02610169891736,0.966751290404773
"213","IND","India",2020,1.09750152437048,0.8947882924422
"214","IND","India",2020,1.05185101737328,0.94528551651596
"215","IND","India",2020,1.10067300592943,0.90324447519166
"216","IND","India",2020,1.14612776242054,0.837570885623734
"217","IND","India",2020,1.04900076745603,0.955097645196936
"218","IND","India",2020,1.01109806038155,0.987241732073473
"219","IND","India",2020,1.03590154237068,0.965902394895512
"220","IND","India",2020,1.08453902503624,0.915523883658551
"221","IND","India",2020,1.03865165406843,0.954468334431296
"222","IND","India",2020,1.04294969077211,0.956407202879535
"223","IND","India",2020,1.06097454408695,0.937375679826949
"224","IND","India",2020,1.03941602382394,0.957866499454992
"225","IND","India",2020,1.0452094309656,0.948931967648617
"226","IND","India",2020,1.06991404106938,0.936599800227188
"227","PAK","Pakistan",2020,1.04329689705486,0.953227173682662
"228","PAK","Pakistan",2020,1.07796278612868,0.922839760203415
"229","PAK","Pakistan",2020,1.07065580987512,0.925050603490118
"230","PAK","Pakistan",2020,1.04792948415294,0.944787307051192
"231","PAK","Pakistan",2020,1.05976766065342,0.943460307742055
"232","PAK","Pakistan",2020,1.02874777256269,0.962658223271991
"233","PAK","Pakistan",2020,1.03698833333203,0.962139046908958
"234","CHN","China",2020,1.04867390959339,0.949512401864105
"235","CHN","China",2020,1.04970838487749,0.943835894750262
"236","IDN","Indonesia",2020,1.02764515252917,0.965446100327406
"237","IDN","Indonesia",2020,1.02806770295587,0.969007034583914
"238","IDN","Indonesia",2020,1.01224869717206,0.986043654997656
"239","IDN","Indonesia",2020,1.01934639621547,0.977959635645498
"240","IDN","Indonesia",2020,1.02780461681316,0.967780075481822
"241","IDN","Indonesia",2020,1.03035337538886,0.967561768423485
"242","IDN","Indonesia",2020,1.01499058048421,0.983411659586983
"243","IDN","Indonesia",2020,1.01909805996133,0.977736197849119
"244","IDN","Indonesia",2020,1.02052752670208,0.96887014697599
"245","IDN","Indonesia",2020,1.01168134561774,0.983527506541905
"246","IDN","Indonesia",2020,1.01467758584769,0.982966440323308
"247","IDN","Indonesia",2020,1.02336129534519,0.975237429345173
"248","IDN","Indonesia",2020,1.01683174398956,0.98106700742657
"249","IDN","Indonesia",2020,1.01311039679336,0.983805637364933
"250","IDN","Indonesia",2020,1.02518248263922,0.965606082723771
"251","IDN","Indonesia",2020,1.04551869686939,0.949470142165778
"252","IDN","Indonesia",2020,1.02170804850355,0.975431010426592
"253","IDN","Indonesia",2020,1.01684188065973,0.978637046454844
"254","IDN","Indonesia",2020,1.06572407294241,0.931593754188697
"255","IDN","Indonesia",2020,1.03657262395025,0.956386872167409
"256","IDN","Indonesia",2020,1.03715463044101,0.962407195791151
"257","IDN","Indonesia",2020,1.03245051246314,0.960145911478148
"258","IDN","Indonesia",2020,1.04131679587876,0.94997227309306
"259","IDN","Indonesia",2020,1.03337559668903,0.959392536625496
"260","IDN","Indonesia",2020,1.02381734612449,0.973653464886245
"261","IDN","Indonesia",2020,1.0325113337613,0.962394619767247
"262","IDN","Indonesia",2020,1.03671847333443,0.958309985786495
"263","IDN","Indonesia",2020,1.02672255003657,0.970633448689852
"264","IDN","Indonesia",2020,1.04663601926092,0.944940329188049
"265","IDN","Indonesia",2020,1.02498207873101,0.972235326483872
"266","IDN","Indonesia",2020,1.03309511505991,0.966726992695945
"267","IDN","Indonesia",2020,1.02018231616574,0.973543414033043
"268","IDN","Indonesia",2020,1.02784774639278,0.968826880962449
"269","IDN","Indonesia",2020,1.02368881739466,0.979491432885514
"270","PHL","Philippines",2020,1.10450963597228,0.885653458680728
"271","PHL","Philippines",2020,1.09503410217445,0.881103643427366
"272","PHL","Philippines",2020,1.10420112070927,0.888684580370288
"273","PHL","Philippines",2020,1.10882964092553,0.897178820906899
"274","PHL","Philippines",2020,1.09847960431873,0.914302913875512
"275","PHL","Philippines",2020,1.09917223530924,0.894232319073988
"276","PHL","Philippines",2020,1.11390468045732,0.880775354953927
"277","PHL","Philippines",2020,1.11588565549332,0.877535885905195
"278","PHL","Philippines",2020,1.11434711031718,0.87248281859107
"279","PHL","Philippines",2020,1.081536652121,0.901333752519558
"280","PHL","Philippines",2020,1.12946373032623,0.865611413443796
"281","PHL","Philippines",2020,1.10644961291898,0.873731162192102
"282","PHL","Philippines",2020,1.09480350201074,0.90924308673413
"283","PHL","Philippines",2020,1.08909330301396,0.901213822930565
"284","PHL","Philippines",2020,1.10095919100098,0.904955334270536
"285","PHL","Philippines",2020,1.07288614576054,0.921979230236728
"286","PHL","Philippines",2020,1.08414438859153,0.912411072142324
"287","PHL","Philippines",2020,1.11139308714642,0.888420340582019
"288","PHL","Philippines",2020,1.09267910943855,0.902112139177456
"289","PHL","Philippines",2020,1.08491104776675,0.908415685241385
"290","PHL","Philippines",2020,1.1020223504465,0.903254230313046
"291","PHL","Philippines",2020,1.08914094907657,0.890793471181254
"292","PHL","Philippines",2020,1.08297301910978,0.918234246738287
"293","PHL","Philippines",2020,1.113918799221,0.869705854346419
"294","PHL","Philippines",2020,1.11401278491098,0.902350646343007
"295","PHL","Philippines",2020,1.09448435559876,0.906639789212571
"296","PHL","Philippines",2020,1.12898745087505,0.87938067553218
"297","PHL","Philippines",2020,1.07968258454739,0.923514703741775
"298","PHL","Philippines",2020,1.10703316641823,0.897106640692312
"299","PHL","Philippines",2020,1.09993114241889,0.87103308252507
"300","PHL","Philippines",2020,1.09759017644875,0.894037296061408
"301","PHL","Philippines",2020,1.12073451887911,0.892180929079636
"302","PHL","Philippines",2020,1.09596365629961,0.899637912513552
"303","PHL","Philippines",2020,1.09959997981822,0.897960021553976
"304","PHL","Philippines",2020,1.11041579218381,0.868529948525843
"305","PHL","Philippines",2020,1.08508410262175,0.894288490776662
"306","PHL","Philippines",2020,1.08384555353288,0.914380117872976
"307","PHL","Philippines",2020,1.09676053738099,0.911844136972363
"308","PHL","Philippines",2020,1.08274722827591,0.905933941616636
"309","PHL","Philippines",2020,1.09754812807659,0.878175944821388
"310","PHL","Philippines",2020,1.09143699991962,0.919877564808548
"311","PHL","Philippines",2020,1.12621115462698,0.879504798927336
"312","PHL","Philippines",2020,1.09437152700822,0.898912134824496
"313","PHL","Philippines",2020,1.12994039831734,0.858898995151746
"314","PHL","Philippines",2020,1.08966803676115,0.90681903709151
"315","PHL","Philippines",2020,1.15817955291518,0.861131575524451
"316","PHL","Philippines",2020,1.10903868860485,0.897101804017289
"317","PHL","Philippines",2020,1.09763762145428,0.902642719563355
"318","PHL","Philippines",2020,1.08772935878729,0.910828401466027
"319","PHL","Philippines",2020,1.07869082675616,0.917053139549699
"320","PHL","Philippines",2020,1.12616453879568,0.872966885810858
"321","PHL","Philippines",2020,1.09058871502259,0.904869073012084
"322","PHL","Philippines",2020,1.10708324870913,0.894098733477984
"323","PHL","Philippines",2020,1.10833282223348,0.897832617217745
"324","PHL","Philippines",2020,1.1003498828959,0.903867895111264
"325","PHL","Philippines",2020,1.07927358772042,0.919182331866961
"326","PHL","Philippines",2020,1.09348766873914,0.898452591344828
"327","PHL","Philippines",2020,1.12601633442954,0.879536024143472
"328","PHL","Philippines",2020,1.10139152321384,0.899270658854112
"329","PHL","Philippines",2020,1.10123099433655,0.894835658743014
"330","PHL","Philippines",2020,1.0788706544997,0.909890407958738
"331","PHL","Philippines",2020,1.09012998829923,0.912630405827495
"332","PHL","Philippines",2020,1.11340130994532,0.892022802487871
"333","PHL","Philippines",2020,1.10758694082016,0.900601064838243
"334","PHL","Philippines",2020,1.12833593362462,0.886750316044165
"335","PHL","Philippines",2020,1.10748382955352,0.883463244845356
"336","PHL","Philippines",2020,1.08864298981439,0.91252515483414
"337","PHL","Philippines",2020,1.12627556203218,0.867005519329986
"338","PHL","Philippines",2020,1.08893544802107,0.880929637779128
"339","PHL","Philippines",2020,1.07848326301697,0.917347886623538
"340","PHL","Philippines",2020,1.08390426167259,0.907536447214592
"341","PHL","Philippines",2020,1.09488421520167,0.902416761645965
"342","PHL","Philippines",2020,1.11871515044064,0.869406770220208
"343","PHL","Philippines",2020,1.13423928401207,0.872772327579645
"344","PHL","Philippines",2020,1.09726259677936,0.897652942341029
"345","PHL","Philippines",2020,1.09069588516906,0.905283662792621
"346","PHL","Philippines",2020,1.08787448077978,0.921112396358858
"347","PHL","Philippines",2020,1.13890299135429,0.870186071437527
"348","PHL","Philippines",2020,1.08198405168451,0.910821385048466
"349","PHL","Philippines",2020,1.10201240574193,0.895973080174305
"350","PHL","Philippines",2020,1.09029730020561,0.895383654664205
"351","PHL","Philippines",2020,1.10792633635278,0.87944577906571
"352","ETH","Ethiopia",2020,1.05189629772709,0.949601331384924
"353","ETH","Ethiopia",2020,1.15578856032517,0.842779105050988
"354","ETH","Ethiopia",2020,1.15469608990139,0.871213828118383
"355","ETH","Ethiopia",2020,1.09744880258721,0.903661129880143
"356","ETH","Ethiopia",2020,1.07219374441597,0.926096780236784
"357","ETH","Ethiopia",2020,1.07397748950633,0.913872231747119
"358","ETH","Ethiopia",2020,1.07414975961166,0.917775522306531
"359","ETH","Ethiopia",2020,1.105412535373,0.883380625659185
"360","ETH","Ethiopia",2020,1.14744838930499,0.839244464309288
"361","ETH","Ethiopia",2020,1.12649184874827,0.869468020201578
"362","ETH","Ethiopia",2020,1.12606212723999,0.879413047506563
"363","ETH","Ethiopia",2020,1.12997052951857,0.868923097423458
"364","ZAF","South Africa",2020,1.08568090318359,0.910609215180816
"365","ZAF","South Africa",2020,1.09370747353803,0.91477524169491
"366","ZAF","South Africa",2020,1.0711204488982,0.92953418382212
"367","ZAF","South Africa",2020,1.11457150460681,0.904958629013742
"368","ZAF","South Africa",2020,1.0694079755473,0.911673218427654
"369","ZAF","South Africa",2020,1.06357925120576,0.921233385600022
"370","ZAF","South Africa",2020,1.07496299573621,0.889262480244728
"371","ZAF","South Africa",2020,1.09454498126949,0.908851562034977
"372","ZAF","South Africa",2020,1.06502469862841,0.933841653570177
"373","NGA","Nigeria",2020,1.07417772063521,0.908298895024024
"374","NGA","Nigeria",2020,1.0519216682048,0.938267028651029
"375","NGA","Nigeria",2020,1.07516200072518,0.922260530629867
"376","NGA","Nigeria",2020,1.0788209403207,0.914619442166673
"377","NGA","Nigeria",2020,1.07321624623109,0.935351434572082
"378","NGA","Nigeria",2020,1.07822685004262,0.910434873272504
"379","NGA","Nigeria",2020,1.06334040844073,0.925300443197747
"380","NGA","Nigeria",2020,1.06382058203731,0.94237749841757
"381","NGA","Nigeria",2020,1.0499456771746,0.936913853299739
"382","NGA","Nigeria",2020,1.06949049325342,0.920145040445464
"383","NGA","Nigeria",2020,1.07773128838685,0.912773095075367
"384","NGA","Nigeria",2020,1.0493770330762,0.936571397241542
"385","NGA","Nigeria",2020,1.08112300400878,0.902839018601646
"386","NGA","Nigeria",2020,1.06203415600617,0.924005588733779
"387","NGA","Nigeria",2020,1.07227772916948,0.919472945731688
"388","NGA","Nigeria",2020,1.08399679778011,0.920551120164003
"389","NGA","Nigeria",2020,1.06872712650064,0.930340528417358
"390","NGA","Nigeria",2020,1.07603025815638,0.9245040336567
"391","NGA","Nigeria",2020,1.06559609241689,0.932636854364896
"392","NGA","Nigeria",2020,1.06712917501029,0.930352804580773
"393","NGA","Nigeria",2020,1.06624362869102,0.925592440079633
"394","NGA","Nigeria",2020,1.08286790574751,0.913544398184342
"395","NGA","Nigeria",2020,1.08050157296908,0.922537210592648
"396","NGA","Nigeria",2020,1.05568754974282,0.938111666204305
"397","NGA","Nigeria",2020,1.07371118135068,0.913983265816041
"398","NGA","Nigeria",2020,1.0544122150422,0.93094363039377
"399","NGA","Nigeria",2020,1.07582218290096,0.920595826317449
"400","NGA","Nigeria",2020,1.07243053274667,0.929243770488428
"401","NGA","Nigeria",2020,1.07851154682591,0.933395378796472
"402","NGA","Nigeria",2020,1.07895582014233,0.91809027677409
"403","NGA","Nigeria",2020,1.06768688963162,0.936531525347717
"404","NGA","Nigeria",2020,1.06537000911095,0.919592884465707
"405","NGA","Nigeria",2020,1.06109029814503,0.93526411561403
"406","NGA","Nigeria",2020,1.07798933019767,0.922541218990977
"407","NGA","Nigeria",2020,1.0740018346066,0.930067121152948
"408","NGA","Nigeria",2020,1.06414678721457,0.940961834921356
"409","NGA","Nigeria",2020,1.07086589130708,0.912995216744446
"410","CHN","China",2020,1.04444491650954,0.945927154773009
"411","CHN","China",2020,1.04852762945525,0.942154733891695
"412","CHN","China",2020,1.03914919441642,0.950895167053879
"413","CHN","China",2020,1.05376979566976,0.941618600822043
"414","CHN","China",2020,1.05002766762751,0.949875625208278
"415","CHN","China",2020,1.04889010506228,0.948784624473147
"416","CHN","China",2020,1.05029216540035,0.931971663842706
"417","CHN","China",2020,1.04697408711855,0.927992582120924
"418","CHN","China",2020,1.04315887401641,0.952220841088765
"419","CHN","China",2020,1.04806930299069,0.950864719312127
"420","CHN","China",2020,1.04460825542562,0.954738504360373
"421","CHN","China",2020,1.04617613112931,0.947304793376961
"422","CHN","China",2020,1.04164816032928,0.954344234569883
"423","CHN","China",2020,1.04551237437311,0.947006330415866
"424","CHN","China",2020,1.03399331583177,0.959049326079406
"425","CHN","China",2020,1.04868849212764,0.933167053128079
"426","CHN","China",2020,1.0474021988257,0.949935785141713
"427","CHN","China",2020,1.04708921152144,0.948487987341083
"428","CHN","China",2020,1.05666009387948,0.937258953833342
"429","CHN","China",2020,1.04840031188902,0.942478235965605
"430","CHN","China",2020,1.05248839375026,0.946642498860189
"431","CHN","China",2020,1.04999768119042,0.954499810405735
"432","CHN","China",2020,1.0401089610723,0.958871267235597
"433","CHN","China",2020,1.06645874867843,0.934105497976731
"434","CHN","China",2020,1.04932174564746,0.948847174793581
"435","CHN","China",2020,1.04320310710591,0.953395776945125
"436","CHN","China",2020,1.05610096904661,0.937452905663135
"437","CHN","China",2020,1.05855316946921,0.932877753602112
"438","CHN","China",2020,1.05296667346571,0.951810016350403
"439","CHN","China",2020,1.05606719196482,0.946784518405018
"440","CHN","China",2020,1.05730627794003,0.939601030388566
"441","KEN","Kenya",2020,1.08018786646937,0.902622985857272
"442","KEN","Kenya",2020,1.06206637313989,0.940538848510159
"443","KEN","Kenya",2020,1.05725806313104,0.928265530351608
"444","KEN","Kenya",2020,1.05141763515788,0.933127210756463
"445","KEN","Kenya",2020,1.06077470436744,0.93072290981978
"446","KEN","Kenya",2020,1.04961554810027,0.947361513012208
"447","KEN","Kenya",2020,1.04680003310185,0.960015346657097
"448","KEN","Kenya",2020,1.03852728208986,0.956690762641852
"449","KEN","Kenya",2020,1.05785516967012,0.936712536550228
"450","KEN","Kenya",2020,1.04776797183804,0.95140018405842
"451","KEN","Kenya",2020,1.05525667568741,0.946365866954688
"452","KEN","Kenya",2020,1.05394054699109,0.944227048713489
"453","KEN","Kenya",2020,1.0590270956364,0.938294545134364
"454","KEN","Kenya",2020,1.05775935438238,0.945967362033888
"455","KEN","Kenya",2020,1.06298380243786,0.942455123397643
"456","KEN","Kenya",2020,1.05436680482619,0.945060504248583
"457","KEN","Kenya",2020,1.07136141767889,0.92642627521166
"458","KEN","Kenya",2020,1.05828615842627,0.941918884269611
"459","KEN","Kenya",2020,1.05131039352167,0.942258054073
"460","KEN","Kenya",2020,1.08809240868106,0.902403854270625
"461","KEN","Kenya",2020,1.08804182543888,0.909758653951931
"462","KEN","Kenya",2020,1.11119920083198,0.892548749387986
"463","KEN","Kenya",2020,1.1004253200417,0.896129116310461
"464","KEN","Kenya",2020,1.06633161289091,0.91205840014638
"465","KEN","Kenya",2020,1.05549624463706,0.932402182226352
"466","KEN","Kenya",2020,1.08695773601448,0.89675098732982
"467","KEN","Kenya",2020,1.07388688845985,0.928481928238938
"468","KEN","Kenya",2020,1.06988841366677,0.929349965034537
"469","KEN","Kenya",2020,1.06876266111673,0.928450341297867
"470","KEN","Kenya",2020,1.07032918112434,0.925282963513722
"471","KEN","Kenya",2020,1.06955451595335,0.935429759528332
"472","KEN","Kenya",2020,1.07675276671644,0.910594500920825
"473","KEN","Kenya",2020,1.0825194104699,0.919506260576373
"474","KEN","Kenya",2020,1.06723090118726,0.930865991231747
"475","KEN","Kenya",2020,1.07108913454257,0.932186619739993
"476","KEN","Kenya",2020,1.08581627741754,0.911751669719507
"477","KEN","Kenya",2020,1.06770819291566,0.937393614448086
"478","KEN","Kenya",2020,1.07275803640324,0.923144004181832
"479","KEN","Kenya",2020,1.09290418318191,0.908224388724866
"480","KEN","Kenya",2020,1.07941803306841,0.919649725219331
"481","KEN","Kenya",2020,1.08338384644112,0.92711770168711
"482","KEN","Kenya",2020,1.07887461879293,0.920798778412704
"483","KEN","Kenya",2020,1.08116272162523,0.917875923185511
"484","KEN","Kenya",2020,1.09170027779035,0.91101700856966
"485","KEN","Kenya",2020,1.07799879117005,0.923226020444423
"486","KEN","Kenya",2020,1.07070098620991,0.925888054281351
"487","KEN","Kenya",2020,1.10799859857405,0.90655758381157
"488","IND","India",2020,1.05080307218016,0.94496510585849
"489","IND","India",2020,1.03878758747271,0.946993306444997
"490","IND","India",2020,1.04005843769202,0.956540804959901
"491","IND","India",2020,1.0768641948274,0.918194705728493
"492","IND","India",2020,1.01689803292465,0.975450568782625
"493","IND","India",2020,1.04552321672081,0.952199426836226
